microcosm,gas,replicate,day,Temperature_H,Temperature_L,Oxygen_H,Oxygen_L,Density_bacteria,Density_dexiostoma,Density_colpidium,Density_prey,Density_spathidium,Density_cyst,Total_biomass
101,Open,1,63,16.455,16.529,18.5,18.121,189666.6667,0,23.06666667,23.06666667,2,28,0.001
101,Open,1,47,20.941,20.939,17.724,17.36,90666.66667,0,0,0,0,19,0
101,Open,1,27,22.936,22.935,17.464,17.154,205000,0,0,0,2,27,0
101,Open,1,59,17.741,17.623,18.243,17.514,153000,0,NA,0,NA,24,0
101,Open,1,39,23.235,23.279,17.346,17.43,96666.66667,0,46.13333333,46.13333333,1,16,0.004
101,Open,1,57,18.254,18.25,18.245,17.586,122333.3333,0,0,0,1,30,0
101,Open,1,15,19.706,19.693,17.631,15.807,855666.6667,46.13333333,0,46.13333333,3,34,0.001
101,Open,1,65,16.163,16.129,18.401,17.885,370666.6667,0,0,0,0,33,0
101,Open,1,35,23.746,23.784,17.317,17.409,334666.6667,0,NA,0,1,24,0.001
101,Open,1,21,21.215,21.2,17.526,16.564,9901333.333,0,0,0,1,78,0
101,Open,1,5,17.148,17.078,18.215,13.527,610333.3333,876.5333333,69.2,945.7333333,10,3,0.035
101,Open,1,17,20.208,20.176,17.508,15.624,747000,NA,0,0,NA,35,0.002
101,Open,1,7,17.868,17.819,18.09,14.727,33023000,69.2,23.06666667,92.26666667,20,1,0.01
101,Open,1,61,17.35,17.328,18.176,17.698,118666.6667,0,NA,0,1,25,0
101,Open,1,51,19.752,19.712,17.866,17.432,692000,0,NA,0,0,17,0
101,Open,1,9,18.487,18.457,17.681,14.323,428333.3333,184.5333333,23.06666667,207.6,24,2,0.019
101,Open,1,31,23.302,23.091,17.418,17.364,289333.3333,0,0,0,NA,32,0
101,Open,1,67,15.455,15.37,18.413,18.149,377666.6667,0,0,0,1,41,0
101,Open,1,25,22.551,22.532,17.531,16.105,241666.6667,0,0,0,1,48,0.001
101,Open,1,43,22.142,22.152,17.519,16.6,212333.3333,0,0,0,1,30,0
101,Open,1,19,20.654,20.648,17.675,16.547,1726666.667,23.06666667,0,23.06666667,1,41,0.003
101,Open,1,49,20.331,20.313,17.866,17.137,182333.3333,0,0,0,0,18,0
101,Open,1,13,19.162,19.072,17.466,15.559,521666.6667,NA,0,0,3,31,0
101,Open,1,55,19.587,18.737,17.852,17.878,306333.3333,0,23.06666667,23.06666667,NA,33,0.002
101,Open,1,29,23.418,23.405,17.443,17.043,220333.3333,0,0,0,NA,27,0
101,Open,1,1,16.487,16.412,18.751,11.706,371000,1660.8,738.1333333,2398.933333,6,NA,0.172
101,Open,1,23,21.892,21.87,17.612,15.931,289666.6667,0,0,0,1,44,0
101,Open,1,53,18.917,18.9,18.017,17.229,175666.6667,0,NA,0,NA,20,0
101,Open,1,45,21.578,21.595,17.628,17.498,433333.3333,0,0,0,1,21,0
101,Open,1,11,18.768,18.742,17.589,14.637,742666.6667,NA,0,0,19,10,0.008
101,Open,1,37,23.747,23.476,17.321,17.569,82666.66667,0,NA,0,NA,12,0
101,Open,1,41,22.864,22.861,17.453,17.513,75333.33333,0,0,0,NA,40,0
101,Open,1,3,17.846,16.936,17.977,13.166,853666.6667,161.4666667,69.2,230.6666667,8,NA,0.056
101,Open,1,33,NA,24.171,NA,17.381,NA,NA,NA,NA,NA,NA,NA
102,Open,2,17,20.064,20.039,17.748,16.341,547333.3333,0,0,0,1,25,0
102,Open,2,31,23.372,23.52,17.724,17.823,104000,0,0,0,NA,42,0
102,Open,2,25,22.461,22.431,17.893,17.265,133333.3333,0,0,0,NA,30,0
102,Open,2,7,17.509,17.485,18.184,14.448,3698000,46.13333333,23.06666667,69.2,17,1,0.02
102,Open,2,21,21.128,21.124,17.892,17.21,168666.6667,0,0,0,2,45,0.001
102,Open,2,15,19.605,19.585,17.842,16.629,561000,0,0,0,2,82,0
102,Open,2,67,15.083,15.049,18.558,17.758,518000,0,0,0,1,41,0
102,Open,2,29,23.436,23.429,17.781,17.924,123333.3333,0,0,0,2,37,0.005
102,Open,2,55,19.707,19.022,17.985,17.319,193666.6667,0,23.06666667,23.06666667,2,30,0.001
102,Open,2,1,16.309,16.094,18.694,9.961,408000,922.6666667,392.1333333,1314.8,7,NA,0.113
102,Open,2,57,18.195,18.121,18.14,17.311,142000,0,NA,0,2,38,0
102,Open,2,39,23.199,23.358,17.709,17.662,131333.3333,0,0,0,0,28,0
102,Open,2,63,16.331,16.292,18.277,17.419,358666.6667,0,0,0,1,35,0
102,Open,2,59,17.571,17.557,18.169,17.244,178666.6667,0,NA,0,1,20,0
102,Open,2,53,18.803,18.93,18.092,16.571,366333.3333,0,23.06666667,23.06666667,NA,15,0
102,Open,2,27,22.943,22.654,17.82,17.762,131333.3333,0,0,0,1,21,0.003
102,Open,2,5,16.867,16.79,18.169,13.425,433666.6667,115.3333333,NA,115.3333333,13,3,0.029
102,Open,2,19,20.566,20.539,17.923,16.563,625000,0,0,0,NA,55,0.001
102,Open,2,37,23.567,23.61,17.79,17.838,211666.6667,0,0,0,1,32,0
102,Open,2,49,20.261,20.291,17.886,17.654,196666.6667,0,NA,0,1,33,0
102,Open,2,23,21.838,21.793,17.915,16.938,226333.3333,0,0,0,NA,23,0
102,Open,2,61,16.896,16.932,18.258,15.83,184333.3333,0,92.26666667,92.26666667,NA,23,0.005
102,Open,2,45,21.602,21.615,17.781,16.745,203000,0,NA,0,1,20,0
102,Open,2,35,23.631,23.711,17.825,18.158,104333.3333,0,0,0,NA,20,0
102,Open,2,11,18.463,18.455,17.853,15.31,710333.3333,0,0,0,14,21,0.016
102,Open,2,43,21.81,22.115,17.773,16.541,184000,0,NA,0,NA,18,0
102,Open,2,51,19.666,19.629,18.031,16.983,610333.3333,0,NA,0,2,22,0
102,Open,2,3,16.643,16.597,18.312,12.461,338333.3333,253.7333333,69.2,322.9333333,7,NA,0.038
102,Open,2,65,15.84,15.806,18.259,17.713,487000,0,0,0,0,25,0
102,Open,2,9,18.165,18.131,18.052,14.541,647000,23.06666667,69.2,92.26666667,12,8,0.039
102,Open,2,41,22.89,22.814,17.706,18.104,67000,0,0,0,NA,23,0
102,Open,2,13,18.915,18.911,17.869,15.768,537333.3333,0,0,0,7,20,0.008
102,Open,2,47,20.918,20.921,17.81,16.487,96333.33333,0,69.2,69.2,NA,12,0.002
102,Open,2,33,23.814,23.96,17.716,17.553,NA,NA,NA,NA,NA,NA,NA
103,Open,3,23,21.677,21.612,18.045,16.546,242000,23.06666667,0,23.06666667,1,22,0.003
103,Open,3,43,22.033,22.07,17.841,17.905,83000,0,0,0,0,20,0
103,Open,3,27,22.803,23.047,18.041,17.683,107666.6667,23.06666667,0,23.06666667,1,32,0
103,Open,3,35,23.657,23.974,17.941,17.994,56333.33333,0,0,0,0,34,0.001
103,Open,3,3,16.203,15.925,18.029,13.244,1019333.333,NA,46.13333333,46.13333333,12,NA,0.052
103,Open,3,63,16.025,15.995,18.322,17.868,101333.3333,0,0,0,0,28,0
103,Open,3,57,17.951,17.923,18.33,18.095,54666.66667,0,NA,0,0,29,0
103,Open,3,15,19.474,19.493,17.846,16.375,564666.6667,0,0,0,0,38,0
103,Open,3,9,18.056,18.01,17.835,14.459,556000,0,0,0,17,3,0.05
103,Open,3,1,15.262,15.09,18.476,10.506,397333.3333,1153.333333,299.8666667,1453.2,5,NA,0.123
103,Open,3,11,18.287,18.211,17.765,15.313,700666.6667,0,0,0,27,11,0.009
103,Open,3,67,14.836,14.799,18.527,18.256,305000,0,0,0,0,8,0
103,Open,3,65,15.673,15.643,18.468,18.196,162333.3333,0,0,0,0,23,0
103,Open,3,7,17.273,17.221,17.81,15.229,787000,69.2,23.06666667,92.26666667,13,4,0.008
103,Open,3,47,20.665,20.792,18.12,17.925,28000,0,0,0,0,23,0
103,Open,3,19,20.448,20.419,17.971,16.669,512333.3333,NA,0,0,NA,38,0
103,Open,3,13,18.793,18.797,17.805,15.363,492000,0,0,0,3,57,0
103,Open,3,21,21.027,21.008,18.028,17.051,591333.3333,NA,0,0,2,45,0
103,Open,3,37,23.563,23.746,17.955,18.235,190000,0,0,0,0,22,0
103,Open,3,5,16.608,16.529,17.897,13.122,903666.6667,23.06666667,NA,23.06666667,14,2,0.032
103,Open,3,53,18.789,18.936,18.298,17.962,264666.6667,0,NA,0,0,32,0.001
103,Open,3,29,23.155,23.216,18.016,17.615,121000,0,0,0,0,16,0
103,Open,3,41,22.692,22.61,17.921,17.744,43666.66667,0,0,0,0,15,0
103,Open,3,61,16.863,16.846,18.342,17.764,77333.33333,0,23.06666667,23.06666667,0,22,0.002
103,Open,3,59,17.438,17.411,18.302,17.892,57000,0,NA,0,0,29,0
103,Open,3,39,23.446,23.422,17.777,18.117,55333.33333,0,0,0,0,26,0
103,Open,3,49,20.258,20.227,18.118,17.317,123333.3333,0,0,0,0,27,0
103,Open,3,25,22.295,22.263,18.043,16.977,100333.3333,NA,0,0,NA,27,0
103,Open,3,55,19.83,19.325,18.362,17.937,124000,0,23.06666667,23.06666667,0,37,0
103,Open,3,51,19.454,19.344,18.229,18.041,107000,0,NA,0,0,20,0
103,Open,3,33,23.739,23.913,17.674,17.766,NA,NA,NA,NA,NA,NA,NA
103,Open,3,45,21.388,21.393,18.064,17.805,232000,0,0,0,0,23,0
103,Open,3,17,19.936,19.999,17.814,16.298,422333.3333,0,0,0,NA,23,0
103,Open,3,31,23.693,23.581,17.926,18.041,94666.66667,0,0,0,0,54,0
104,Open,4,49,20.241,20.254,17.978,16.85,121333.3333,0,46.13333333,46.13333333,5,36,0
104,Open,4,1,15.68,15.398,18.584,9.992,337000,1291.733333,322.9333333,1614.666667,6,NA,0.118
104,Open,4,11,18.378,18.326,17.698,13.604,767333.3333,0,0,0,19,14,0.013
104,Open,4,13,18.776,18.78,17.794,15.845,444333.3333,NA,0,0,6,27,0
104,Open,4,9,17.931,17.844,17.787,13.465,589000,0,0,0,18,4,0.019
104,Open,4,19,20.384,20.335,17.886,16.599,1260666.667,23.06666667,0,23.06666667,4,26,0
104,Open,4,39,23.374,23.444,17.534,17.382,105000,0,0,0,2,25,0.002
104,Open,4,3,16.197,16.164,18.195,13.555,298666.6667,46.13333333,NA,46.13333333,4,NA,0.043
104,Open,4,59,17.422,17.379,18.249,17.413,4666.666667,0,0,0,2,20,0
104,Open,4,67,14.902,14.905,18.456,17.617,270666.6667,0,0,0,1,29,0
104,Open,4,5,16.757,16.707,17.992,12.993,322666.6667,23.06666667,NA,23.06666667,8,1,0.033
104,Open,4,29,22.742,23.527,17.886,17.679,179333.3333,23.06666667,NA,23.06666667,1,28,0.001
104,Open,4,31,23.841,23.669,17.613,17.81,118333.3333,0,46.13333333,46.13333333,1,31,0.004
104,Open,4,55,19.959,19.311,18.064,17.669,135333.3333,0,92.26666667,92.26666667,2,8,0.001
104,Open,4,7,17.408,17.334,17.917,11.42,1262333.333,0,69.2,69.2,18,NA,0.034
104,Open,4,23,21.726,21.674,17.872,15.482,335000,23.06666667,0,23.06666667,NA,36,0
104,Open,4,17,19.893,19.922,17.781,13.945,494333.3333,46.13333333,0,46.13333333,2,21,0.013
104,Open,4,15,19.438,19.366,17.84,16.329,554333.3333,NA,0,0,5,31,0
104,Open,4,47,20.61,20.715,17.914,17.265,75333.33333,0,46.13333333,46.13333333,NA,22,0.002
104,Open,4,43,22.139,22.056,17.547,17.373,137666.6667,0,NA,0,3,22,0.001
104,Open,4,65,15.556,16.055,18.267,17.574,206000,0,0,0,3,23,0.002
104,Open,4,27,22.724,22.804,17.899,17.196,187000,92.26666667,NA,92.26666667,1,31,0.001
104,Open,4,37,23.713,23.722,17.617,17.227,177666.6667,0,0,0,3,22,0
104,Open,4,63,16.226,16.141,18.396,17.569,155333.3333,0,0,0,3,21,0.001
104,Open,4,41,22.701,22.738,17.617,17.154,81666.66667,0,0,0,6,28,0
104,Open,4,35,23.692,23.788,17.635,17.756,116000,0,46.13333333,46.13333333,NA,40,0
104,Open,4,61,16.771,16.801,18.247,17.691,81666.66667,0,0,0,2,15,0
104,Open,4,45,21.432,21.404,17.846,17.064,233000,0,NA,0,5,32,0.001
104,Open,4,57,17.933,17.773,18.135,17.486,89666.66667,0,23.06666667,23.06666667,1,41,0.002
104,Open,4,51,19.409,19.386,18.109,17.125,149000,0,46.13333333,46.13333333,5,17,0.002
104,Open,4,21,21.055,20.981,17.865,16.398,1353000,23.06666667,0,23.06666667,2,32,0.002
104,Open,4,25,22.374,22.269,17.854,16.097,190000,NA,0,0,2,34,0.004
104,Open,4,53,18.798,18.625,18.191,17.585,190333.3333,0,23.06666667,23.06666667,NA,13,0
104,Open,4,33,23.641,23.766,18.152,17.045,NA,NA,NA,NA,NA,NA,NA
105,Open,5,35,23.86,23.902,18.149,17.892,88666.66667,0,NA,0,0,26,0.002
105,Open,5,31,23.692,23.739,17.943,18.111,118666.6667,0,NA,0,0,23,0
105,Open,5,45,21.6,21.58,18.295,16.75,312333.3333,0,0,0,NA,29,0.001
105,Open,5,43,22.135,22.137,18.206,17.022,92333.33333,0,0,0,1,29,0
105,Open,5,25,22.407,22.452,18.229,17.224,130000,0,0,0,1,34,0
105,Open,5,5,17.005,16.922,18.593,12.707,302333.3333,69.2,NA,69.2,8,NA,0.022
105,Open,5,15,19.636,19.612,18.231,16.921,566333.3333,0,0,0,3,57,0
105,Open,5,37,23.624,23.603,18.199,18.28,128666.6667,0,46.13333333,46.13333333,NA,27,0.003
105,Open,5,1,16.027,15.841,19.799,12.185,328333.3333,1384,645.8666667,2029.866667,5,NA,0.134
105,Open,5,41,22.675,22.553,18.243,17.463,89000,0,0,0,1,29,0
105,Open,5,29,23.155,23.178,18.227,18.024,149000,0,0,0,1,31,0
105,Open,5,27,23.005,23.011,18.181,17.737,167666.6667,0,0,0,NA,32,0.001
105,Open,5,67,15.064,15.02,19.099,18.645,183333.3333,0,0,0,0,28,0.002
105,Open,5,59,17.596,17.57,18.893,18.198,89000,0,0,0,0,21,0.001
105,Open,5,17,20.069,20.07,18.302,16.721,539666.6667,0,0,0,1,33,0
105,Open,5,61,17.065,17.039,18.833,17.68,109333.3333,0,0,0,0,29,0
105,Open,5,11,18.594,18.532,18.276,14.694,802333.3333,0,0,0,30,12,0.009
105,Open,5,3,16.559,16.444,19.132,13.531,299666.6667,184.5333333,69.2,253.7333333,5,NA,0.057
105,Open,5,51,19.452,19.407,18.528,17.611,73000,0,0,0,0,19,0
105,Open,5,55,19.757,18.819,18.519,17.267,122000,0,0,0,0,13,0
105,Open,5,47,20.754,20.769,18.336,17.776,66333.33333,0,0,0,1,11,0.004
105,Open,5,39,23.476,23.542,17.985,18.188,116333.3333,0,0,0,NA,21,0
105,Open,5,65,15.89,15.826,19.004,18.319,200333.3333,0,0,0,0,10,0
105,Open,5,63,16.312,16.281,19.065,18.58,156000,0,0,0,0,31,0
105,Open,5,23,21.75,21.735,18.33,16.674,257000,0,0,0,NA,29,0
105,Open,5,49,20.319,20.156,18.386,17.772,103666.6667,0,0,0,0,29,0.002
105,Open,5,53,19.125,19.115,18.573,17.298,119000,0,0,0,0,18,0
105,Open,5,57,18.209,18.147,18.783,17.504,86666.66667,0,0,0,0,36,0
105,Open,5,7,17.662,17.646,18.578,13.305,1120666.667,23.06666667,92.26666667,115.3333333,12,5,0.043
105,Open,5,9,18.299,18.237,18.464,14.014,560000,23.06666667,23.06666667,46.13333333,9,6,0.027
105,Open,5,21,21.136,21.123,18.358,16.894,472000,0,0,0,NA,48,0.002
105,Open,5,13,18.945,18.921,18.197,15.962,436000,0,0,0,1,28,0
105,Open,5,19,20.52,20.551,18.311,16.822,1543666.667,0,0,0,1,46,0
105,Open,5,33,23.833,23.99,17.986,17.698,NA,NA,NA,NA,NA,NA,NA
106,Open,6,59,17.441,17.464,18.372,18.307,61333.33333,0,NA,0,0,42,0
106,Open,6,65,15.679,15.63,18.538,18.341,113666.6667,0,0,0,0,36,0.001
106,Open,6,23,21.705,21.719,17.955,15.423,294666.6667,0,0,0,1,52,0
106,Open,6,41,22.57,22.543,17.97,17.531,56333.33333,0,0,0,0,22,0
106,Open,6,31,23.583,23.646,17.782,17.506,269000,0,23.06666667,23.06666667,0,32,0.002
106,Open,6,35,23.895,23.709,17.808,17.704,105666.6667,0,0,0,0,35,0.002
106,Open,6,17,19.941,19.885,17.767,15.282,618000,0,0,0,2,42,0
106,Open,6,13,18.776,18.749,17.781,15.241,449666.6667,0,0,0,NA,29,0
106,Open,6,51,19.374,19.431,18.284,17.662,50666.66667,0,23.06666667,23.06666667,0,22,0.002
106,Open,6,53,18.875,18.915,18.318,17.748,78666.66667,0,NA,0,0,31,0.002
106,Open,6,67,14.914,14.85,18.597,18.224,128666.6667,0,0,0,0,79,0.001
106,Open,6,7,17.213,17.112,17.821,14.464,1262333.333,161.4666667,23.06666667,184.5333333,24,7,0.084
106,Open,6,3,16.219,16.15,18.291,10.256,320666.6667,207.6,23.06666667,230.6666667,6,NA,0.075
106,Open,6,55,19.929,19.13,18.354,18.056,158666.6667,0,69.2,69.2,0,64,0.002
106,Open,6,1,15.23,15.035,18.621,11.809,327000,1153.333333,507.4666667,1660.8,3,NA,0.127
106,Open,6,61,16.789,16.763,18.361,18.011,80666.66667,0,NA,0,0,23,0
106,Open,6,37,23.804,23.789,17.848,17.547,123333.3333,0,0,0,0,45,0
106,Open,6,39,23.206,22.716,17.869,18.24,85333.33333,0,0,0,0,57,0.002
106,Open,6,21,20.999,21.006,18.019,16.921,437333.3333,0,0,0,1,77,0
106,Open,6,63,16.042,15.96,18.37,18.331,99333.33333,0,23.06666667,23.06666667,0,54,0.001
106,Open,6,57,17.886,17.876,18.356,18.092,57000,0,0,0,0,26,0
106,Open,6,11,18.372,18.32,17.728,13.76,978000,0,0,0,14,41,0.006
106,Open,6,25,22.324,22.344,17.958,16.779,134000,0,0,0,1,35,0.001
106,Open,6,43,22.023,21.968,17.869,17.816,95000,0,0,0,0,26,0.001
106,Open,6,29,23.149,23.179,17.928,17.396,129666.6667,0,NA,0,2,17,0
106,Open,6,9,17.911,17.815,17.713,13.995,594000,0,23.06666667,23.06666667,32,2,0.016
106,Open,6,15,19.428,19.41,17.751,15.761,605666.6667,0,0,0,1,20,0
106,Open,6,47,20.709,20.657,18.105,17.683,60666.66667,0,NA,0,0,32,0
106,Open,6,33,23.736,23.896,17.655,17.539,NA,NA,NA,NA,NA,NA,NA
106,Open,6,45,21.528,21.29,18.015,17.329,171333.3333,0,0,0,0,29,0
106,Open,6,49,20.296,20.15,18.137,16.717,177666.6667,0,NA,0,0,31,0
106,Open,6,27,22.895,22.85,17.974,17.33,186333.3333,0,NA,0,2,17,0.001
106,Open,6,5,16.64,16.564,18.059,14.589,346666.6667,23.06666667,23.06666667,46.13333333,8,1,0.067
106,Open,6,19,20.434,20.48,17.847,16.232,804000,0,0,0,1,33,0
107,Closed,1,67,14.806,14.785,8.949,5.071,212666.6667,0,1222.533333,1222.533333,17,30,0.111
107,Closed,1,57,17.979,17.954,9.814,2.922,143333.3333,0,1291.733333,1291.733333,3,19,0.103
107,Closed,1,1,15.723,15.493,18.723,9.91,315666.6667,968.8,253.7333333,1222.533333,4,NA,0.092
107,Closed,1,5,16.78,16.712,17.821,9.755,257000,276.8,230.6666667,507.4666667,7,3,0.048
107,Closed,1,35,23.554,23.753,14.145,11.551,391666.6667,0,484.4,484.4,1,56,0.005
107,Closed,1,19,20.452,20.422,16.38,13.745,716666.6667,0,0,0,NA,25,0.001
107,Closed,1,3,17.077,16.015,17.803,10.274,536333.3333,346,23.06666667,369.0666667,9,NA,0.054
107,Closed,1,45,21.379,21.42,12.136,4.551,552666.6667,0,322.9333333,322.9333333,4,51,0.015
107,Closed,1,13,18.798,18.901,16.711,15.011,446000,NA,0,0,3,16,0
107,Closed,1,27,22.912,22.89,15.618,14.375,274333.3333,138.4,NA,138.4,3,36,0.001
107,Closed,1,21,21.001,20.926,16.34,14.893,473666.6667,NA,0,0,NA,54,0
107,Closed,1,37,23.634,23.557,14,12.708,240666.6667,0,392.1333333,392.1333333,3,34,0.007
107,Closed,1,39,23.349,23.341,13.556,9.816,251000,0,1038,1038,2,53,0.013
107,Closed,1,31,23.596,23.607,15.203,13.821,486666.6667,0,161.4666667,161.4666667,4,25,0.003
107,Closed,1,59,17.367,17.342,9.457,3.921,129666.6667,0,2537.333333,2537.333333,5,20,0.154
107,Closed,1,61,16.897,16.858,9.195,1.996,178666.6667,0,876.5333333,876.5333333,12,28,0.11
107,Closed,1,53,18.67,18.708,10.309,0.804,247666.6667,0,692,692,2,32,0.033
107,Closed,1,49,20.216,20.072,10.914,4.386,329333.3333,0,438.2666667,438.2666667,3,14,0.003
107,Closed,1,55,19.852,18.44,10.177,1.931,198333.3333,0,1038,1038,2,55,0.088
107,Closed,1,23,21.699,21.887,15.97,14.051,383000,NA,0,0,1,35,0
107,Closed,1,15,19.483,19.454,16.636,14.163,625000,NA,0,0,2,28,0
107,Closed,1,29,23.395,23.277,15.37,13.604,281000,46.13333333,NA,46.13333333,2,34,0.001
107,Closed,1,41,22.682,22.683,13.249,7.544,213333.3333,0,461.3333333,461.3333333,2,42,0.009
107,Closed,1,47,20.707,20.691,11.287,2.931,136333.3333,0,438.2666667,438.2666667,NA,29,0.001
107,Closed,1,7,17.217,17.236,17.36,13.67,989333.3333,92.26666667,69.2,161.4666667,13,6,0.027
107,Closed,1,65,15.659,15.633,9.037,5.115,260666.6667,0,1314.8,1314.8,12,36,0.111
107,Closed,1,17,20.003,19.92,16.386,14.517,502000,23.06666667,0,23.06666667,3,67,0
107,Closed,1,25,22.329,22.245,15.701,12.49,222666.6667,23.06666667,0,23.06666667,2,33,0.005
107,Closed,1,63,16.145,16.078,9.118,2.613,161000,0,1222.533333,1222.533333,12,21,0.13
107,Closed,1,11,18.391,18.352,16.934,14.005,773666.6667,0,0,0,8,13,0
107,Closed,1,43,22.065,22.024,12.564,6.224,747666.6667,0,668.9333333,668.9333333,3,29,0.011
107,Closed,1,9,18.076,18.01,17.212,12.444,579000,92.26666667,46.13333333,138.4,19,1,0.026
107,Closed,1,51,19.421,19.309,10.382,1.716,193666.6667,0,738.1333333,738.1333333,NA,54,0.017
107,Closed,1,33,23.75,23.866,14.572,12.737,NA,NA,NA,NA,NA,NA,NA
108,Closed,2,37,23.681,23.533,16.389,16.667,74333.33333,0,NA,0,NA,28,0
108,Closed,2,15,19.616,19.576,17.256,16.18,520333.3333,0,0,0,2,31,0.008
108,Closed,2,53,19.126,19.113,16.075,15.902,103000,0,0,0,NA,32,0
108,Closed,2,9,18.249,18.22,17.559,14.37,450333.3333,23.06666667,23.06666667,46.13333333,14,5,0.006
108,Closed,2,27,23.007,22.996,16.562,16.828,107666.6667,23.06666667,0,23.06666667,NA,29,0.011
108,Closed,2,19,20.578,20.557,17.105,16.138,413000,0,NA,0,NA,37,0
108,Closed,2,35,23.86,23.912,15.905,16.147,66666.66667,0,46.13333333,46.13333333,3,46,0.005
108,Closed,2,3,16.639,16.494,18.47,12.744,431333.3333,161.4666667,23.06666667,184.5333333,6,NA,0.041
108,Closed,2,49,20.433,20.426,16.172,15.781,221333.3333,0,0,0,0,24,0
108,Closed,2,63,16.31,16.335,16.365,16.153,139666.6667,0,0,0,0,23,0.001
108,Closed,2,29,23.342,23.411,16.555,16.625,90333.33333,0,NA,0,1,10,0
108,Closed,2,11,18.551,18.55,17.355,14.161,633666.6667,0,0,0,17,20,0.009
108,Closed,2,39,23.308,23.325,16.232,16.631,70333.33333,0,23.06666667,23.06666667,1,41,0
108,Closed,2,65,15.878,15.842,16.328,15.796,116333.3333,0,0,0,0,30,0
108,Closed,2,45,21.602,21.592,16.387,16.494,143666.6667,0,0,0,0,26,0
108,Closed,2,55,19.674,18.783,16.455,16.356,76666.66667,0,0,0,1,15,0
108,Closed,2,43,22.147,21.974,16.245,15.784,71666.66667,0,0,0,0,26,0.001
108,Closed,2,1,16.088,16.11,18.561,10.713,209666.6667,784.2666667,346,1130.266667,5,NA,0.108
108,Closed,2,31,23.437,23.595,16.523,16.648,169000,0,NA,0,1,31,0
108,Closed,2,5,17.001,16.997,17.66,13.518,226000,92.26666667,NA,92.26666667,14,3,0.01
108,Closed,2,25,22.461,22.442,16.567,15.846,153000,NA,0,0,1,71,0.021
108,Closed,2,59,17.579,17.579,16.464,16.006,61000,0,0,0,0,38,0
108,Closed,2,57,18.249,18.117,16.44,16.217,62666.66667,0,0,0,0,18,0
108,Closed,2,51,19.463,19.526,16.044,16.05,57333.33333,0,0,0,NA,16,0
108,Closed,2,61,17.081,17.056,16.271,16.013,78333.33333,0,0,0,0,17,0
108,Closed,2,47,20.821,20.776,15.996,16.157,52666.66667,0,0,0,0,23,0
108,Closed,2,17,20.049,20.042,16.959,15.435,349000,0,0,0,1,28,0
108,Closed,2,13,18.936,18.919,17.355,15.983,394000,0,0,0,6,23,0.007
108,Closed,2,41,22.561,22.18,16.469,17.001,53333.33333,0,0,0,1,16,0
108,Closed,2,7,17.744,17.658,17.823,14.074,783333.3333,46.13333333,NA,46.13333333,10,1,0.015
108,Closed,2,67,15.113,15.046,16.414,15.705,169333.3333,0,0,0,0,32,0
108,Closed,2,23,21.791,21.769,16.616,15.73,247666.6667,NA,23.06666667,23.06666667,1,34,0.011
108,Closed,2,33,23.831,23.998,15.933,16.02,NA,NA,NA,NA,NA,NA,NA
108,Closed,2,21,21.038,21.129,16.879,15.983,305666.6667,0,NA,0,NA,32,0
109,Closed,3,37,23.694,23.701,15.483,15.453,116000,0,23.06666667,23.06666667,3,19,0.001
109,Closed,3,41,22.814,22.787,15.49,15.688,62000,0,0,0,1,32,0.001
109,Closed,3,39,23.22,23.248,15.39,15.482,73666.66667,0,0,0,1,24,0
109,Closed,3,65,15.973,15.935,15.648,14.885,145000,0,46.13333333,46.13333333,1,28,0.001
109,Closed,3,53,18.911,18.92,15.366,14.399,80666.66667,0,0,0,1,34,0
109,Closed,3,25,22.437,22.325,15.864,13.588,170000,23.06666667,0,23.06666667,2,27,0.009
109,Closed,3,27,22.953,22.95,15.832,15.261,129333.3333,0,NA,0,1,28,0.008
109,Closed,3,9,18.516,18.479,17.292,13.713,471333.3333,0,23.06666667,23.06666667,18,3,0.006
109,Closed,3,17,20.154,20.077,16.487,14.266,522333.3333,0,0,0,2,20,0
109,Closed,3,61,17.212,17.198,15.59,15.022,85333.33333,0,NA,0,NA,23,0
109,Closed,3,5,17.148,17.1,18.07,12.789,308666.6667,46.13333333,46.13333333,92.26666667,3,1,0.034
109,Closed,3,11,18.819,18.756,16.674,13.089,890000,0,0,0,11,6,0.01
109,Closed,3,13,19.131,19.09,16.735,14.607,456000,0,0,0,9,9,0.014
109,Closed,3,57,18.246,18.422,15.863,14.909,76333.33333,0,0,0,1,27,0
109,Closed,3,15,19.8,19.772,16.649,14.359,657333.3333,0,0,0,9,35,0
109,Closed,3,59,17.815,17.764,15.494,15.083,83000,0,0,0,0,32,0
109,Closed,3,1,16.671,16.574,18.011,9.625,282666.6667,853.4666667,322.9333333,1176.4,3,NA,0.126
109,Closed,3,21,21.172,21.193,16.232,15.641,246666.6667,NA,0,0,1,29,0
109,Closed,3,51,19.773,19.752,15.163,14.466,76000,0,0,0,NA,26,0.001
109,Closed,3,29,23.408,23.409,15.763,15.617,148333.3333,0,NA,0,4,28,0.004
109,Closed,3,63,16.669,16.626,15.462,15.153,139666.6667,0,NA,0,NA,30,0
109,Closed,3,23,21.885,21.855,16.057,14.299,261000,NA,0,0,1,41,0
109,Closed,3,67,15.302,15.129,15.708,14.821,181000,0,69.2,69.2,1,25,0.002
109,Closed,3,55,19.619,18.676,15.45,14.514,112000,0,0,0,NA,33,0
109,Closed,3,49,20.488,20.472,15.411,14.409,104666.6667,0,23.06666667,23.06666667,NA,39,0.002
109,Closed,3,45,21.552,21.302,15.43,14.811,315333.3333,0,NA,0,4,22,0.002
109,Closed,3,19,20.658,20.635,16.45,14.76,522000,0,0,0,3,33,0
109,Closed,3,35,23.596,23.306,15.26,15.467,77666.66667,0,NA,0,1,19,0.001
109,Closed,3,31,23.409,23.498,15.568,15.717,147000,0,23.06666667,23.06666667,1,27,0.005
109,Closed,3,7,18.089,17.963,17.479,13.283,1092000,92.26666667,46.13333333,138.4,14,1,0.03
109,Closed,3,43,22.153,22.133,15.433,15.133,80333.33333,0,0,0,2,25,0
109,Closed,3,3,17.074,16.977,17.827,12.677,411333.3333,69.2,46.13333333,115.3333333,3,NA,0.063
109,Closed,3,47,20.953,20.692,15.197,15.021,80333.33333,0,NA,0,0,18,0.002
109,Closed,3,33,NA,24.086,NA,15.418,NA,NA,NA,NA,NA,NA,NA
110,Closed,4,13,19.117,19.055,16.746,14.55,515000,0,0,0,7,20,0
110,Closed,4,57,17.89,17.86,10.826,4.696,116666.6667,0,2306.666667,2306.666667,2,27,0.238
110,Closed,4,67,15.072,15.018,10.005,4.223,341333.3333,0,3044.8,3044.8,15,34,0.317
110,Closed,4,29,23.244,23.265,14.96,13.506,195333.3333,0,92.26666667,92.26666667,1,33,0.055
110,Closed,4,15,19.778,19.759,16.543,14.016,667000,0,0,0,1,36,0.008
110,Closed,4,45,21.584,21.569,12.502,4.421,536333.3333,0,1799.2,1799.2,4,42,0.247
110,Closed,4,33,23.86,24.199,14.047,12.449,NA,NA,NA,NA,NA,NA,NA
110,Closed,4,49,20.53,20.515,11.737,4.055,141333.3333,0,1268.666667,1268.666667,8,18,0.102
110,Closed,4,63,16.312,16.288,10.212,3.571,255333.3333,0,3275.466667,3275.466667,7,33,0.38
110,Closed,4,27,22.948,22.972,15.324,14.506,216333.3333,0,23.06666667,23.06666667,2,32,0.028
110,Closed,4,43,22.135,22.038,12.742,5.319,196666.6667,0,2029.866667,2029.866667,3,30,0.182
110,Closed,4,61,17.018,16.986,10.27,4.541,129000,0,3575.333333,3575.333333,3,38,0.37
110,Closed,4,55,19.549,18.574,11.293,1.997,179666.6667,0,1038,1038,4,15,0.149
110,Closed,4,47,20.941,20.94,11.979,5.212,125333.3333,0,1222.533333,1222.533333,5,51,0.11
110,Closed,4,11,18.842,18.775,16.561,13.764,813333.3333,23.06666667,0,23.06666667,20,2,0.012
110,Closed,4,51,19.74,19.698,11.296,2.603,148333.3333,0,1014.933333,1014.933333,6,39,0.131
110,Closed,4,23,21.908,21.884,15.888,11.375,247666.6667,NA,NA,0,3,34,0.026
110,Closed,4,35,23.666,23.685,13.662,10.944,193666.6667,0,299.8666667,299.8666667,1,52,0.039
110,Closed,4,65,15.778,15.755,10.08,4.76,228333.3333,0,2237.466667,2237.466667,5,23,0.215
110,Closed,4,59,17.602,17.561,10.535,2.568,169000,0,4336.533333,4336.533333,2,38,0.486
110,Closed,4,5,17.273,17.225,17.633,12.012,291666.6667,92.26666667,NA,92.26666667,7,1,0.024
110,Closed,4,1,16.668,16.482,18.001,10.147,268333.3333,853.4666667,507.4666667,1360.933333,4,NA,0.129
110,Closed,4,17,20.218,20.184,16.32,13.778,505666.6667,0,0,0,1,30,0.016
110,Closed,4,31,23.284,23.195,14.708,12.978,173333.3333,0,392.1333333,392.1333333,3,35,0.053
110,Closed,4,9,18.542,18.522,17.208,14.088,527333.3333,NA,23.06666667,23.06666667,27,1,0.027
110,Closed,4,7,18.034,17.939,17.418,13.842,1099000,NA,NA,0,17,3,0.017
110,Closed,4,41,22.848,22.851,13.115,7.952,103666.6667,0,484.4,484.4,3,29,0.064
110,Closed,4,25,22.521,22.49,15.555,10.056,170000,23.06666667,23.06666667,46.13333333,2,19,0.04
110,Closed,4,21,21.124,21.093,16.201,13.631,306333.3333,NA,NA,0,2,33,0.025
110,Closed,4,53,19.21,19.162,11.241,2.508,99333.33333,0,1476.266667,1476.266667,5,22,0.131
110,Closed,4,19,20.729,20.679,16.373,14.648,439666.6667,0,0,0,3,37,0.005
110,Closed,4,37,23.761,23.759,13.514,11.19,142666.6667,0,438.2666667,438.2666667,4,32,0.073
110,Closed,4,3,17.163,16.971,17.843,12.213,324333.3333,69.2,23.06666667,92.26666667,8,NA,0.067
110,Closed,4,39,22.817,22.957,13.24,11.577,179666.6667,0,576.6666667,576.6666667,8,25,0.063
111,Closed,5,65,15.556,15.482,14.984,14.203,232666.6667,0,184.5333333,184.5333333,2,3,0.011
111,Closed,5,49,20.13,20.224,15.573,13.699,179666.6667,0,207.6,207.6,2,34,0.006
111,Closed,5,55,19.815,19.126,15.665,14.175,100666.6667,0,184.5333333,184.5333333,8,17,0.036
111,Closed,5,37,23.741,23.722,16.569,16.361,182000,0,69.2,69.2,1,27,0.001
111,Closed,5,9,17.925,17.893,18.788,15.501,595666.6667,46.13333333,0,46.13333333,33,14,0.045
111,Closed,5,41,22.712,22.231,16.288,15.905,133333.3333,0,184.5333333,184.5333333,2,26,0.008
111,Closed,5,29,23.302,23.348,17.357,16.079,316000,23.06666667,NA,23.06666667,1,35,0.001
111,Closed,5,59,17.369,17.387,15.289,13.031,88333.33333,0,161.4666667,161.4666667,2,63,0.013
111,Closed,5,3,16.206,16.154,18.847,11.681,317000,46.13333333,23.06666667,69.2,5,NA,0.022
111,Closed,5,35,23.922,24.023,16.471,16.265,192666.6667,0,184.5333333,184.5333333,1,45,0.004
111,Closed,5,67,14.833,15.12,14.831,13.548,280666.6667,0,92.26666667,92.26666667,7,32,0.007
111,Closed,5,15,19.451,19.413,18.408,16.367,688333.3333,0,0,0,1,60,0.004
111,Closed,5,7,17.209,17.095,18.756,15.021,1020333.333,46.13333333,0,46.13333333,10,5,0.019
111,Closed,5,25,22.354,22.305,17.4,14.964,335000,NA,0,0,NA,58,0.001
111,Closed,5,31,23.528,23.701,17.338,16.572,234000,0,115.3333333,115.3333333,NA,33,0.004
111,Closed,5,5,16.728,16.656,18.86,12.605,350000,115.3333333,138.4,253.7333333,6,2,0.29
111,Closed,5,43,22.064,22.064,15.928,12.706,297666.6667,0,415.2,415.2,2,40,0.011
111,Closed,5,63,16.188,16.141,15.07,13.814,233666.6667,0,207.6,207.6,6,40,0.021
111,Closed,5,47,20.594,20.823,15.645,13.727,138000,0,184.5333333,184.5333333,5,32,0.018
111,Closed,5,53,18.613,18.65,15.447,13.896,149000,0,138.4,138.4,6,84,0.001
111,Closed,5,51,19.451,19.448,15.294,13.283,130000,0,23.06666667,23.06666667,2,41,0.001
111,Closed,5,27,22.864,22.861,17.486,16.439,243666.6667,NA,NA,0,1,34,0.002
111,Closed,5,23,21.702,21.669,17.65,15.954,296666.6667,0,0,0,3,37,0
111,Closed,5,17,19.979,19.951,18.038,16.134,569333.3333,0,0,0,NA,59,0.002
111,Closed,5,21,21.043,21.084,18.038,14.633,436666.6667,0,0,0,1,42,0.003
111,Closed,5,19,20.4,20.348,18.118,16.179,415333.3333,0,0,0,3,26,0
111,Closed,5,11,18.371,18.35,18.786,15.396,806000,0,0,0,8,52,0
111,Closed,5,1,15.661,15.722,18.824,9.399,190333.3333,1614.666667,346,1960.666667,NA,NA,0.148
111,Closed,5,57,17.83,17.858,15.499,13.462,111333.3333,0,184.5333333,184.5333333,5,22,0.025
111,Closed,5,33,23.743,23.892,16.646,15.707,NA,NA,NA,NA,NA,NA,NA
111,Closed,5,13,18.806,18.823,18.425,16.242,484666.6667,0,0,0,1,50,0.024
111,Closed,5,45,21.4,21.45,16.008,13.529,184000,0,253.7333333,253.7333333,3,34,0.016
111,Closed,5,61,16.887,16.848,15.101,14.24,93666.66667,0,438.2666667,438.2666667,5,17,0.068
111,Closed,5,39,23.215,23.248,16.353,16.353,143333.3333,0,69.2,69.2,1,38,0
112,Closed,6,43,21.841,21.872,14.076,8.775,100666.6667,0,461.3333333,461.3333333,2,30,0.035
112,Closed,6,35,23.589,23.522,15.209,14.348,187000,0,NA,0,1,38,0.001
112,Closed,6,1,16.889,16.322,17.958,10.564,280333.3333,553.6,207.6,761.2,2,NA,0.093
112,Closed,6,17,20.077,20.073,16.458,14.96,554000,0,NA,0,1,45,0
112,Closed,6,61,17.008,16.98,11.374,8.889,127333.3333,0,322.9333333,322.9333333,7,23,0.037
112,Closed,6,59,17.61,17.547,11.56,4.152,154666.6667,0,622.8,622.8,16,26,0.068
112,Closed,6,47,20.93,20.923,13.104,3.773,97333.33333,0,392.1333333,392.1333333,2,26,0.037
112,Closed,6,25,22.391,22.359,15.954,14.366,178666.6667,0,23.06666667,23.06666667,3,23,0.014
112,Closed,6,63,16.406,16.365,11.227,5.051,269333.3333,0,876.5333333,876.5333333,11,27,0.11
112,Closed,6,67,15.113,15.084,11.117,8.545,306666.6667,0,784.2666667,784.2666667,17,35,0.073
112,Closed,6,9,18.149,18.11,17.685,13.502,525333.3333,0,0,0,21,3,0.031
112,Closed,6,11,18.471,18.447,16.935,13.873,819000,0,NA,0,15,16,0.013
112,Closed,6,15,19.591,19.569,16.895,15.068,685000,0,23.06666667,23.06666667,4,42,0.024
112,Closed,6,51,19.662,19.619,12.383,5.094,136000,0,761.2,761.2,5,34,0.056
112,Closed,6,29,23.236,23.098,15.898,15.801,305666.6667,0,NA,0,2,37,0.005
112,Closed,6,65,15.776,15.752,11.295,6.958,219000,0,392.1333333,392.1333333,15,23,0.055
112,Closed,6,13,18.919,18.878,16.794,14.054,429333.3333,0,NA,0,8,17,0.013
112,Closed,6,57,18.107,18.066,11.967,5.477,157666.6667,0,461.3333333,461.3333333,11,25,0.053
112,Closed,6,27,22.909,22.788,15.956,14.83,178000,0,NA,0,1,29,0.032
112,Closed,6,41,22.713,22.701,14.512,10.781,66000,0,299.8666667,299.8666667,3,30,0.041
112,Closed,6,33,23.707,23.562,15.251,14.959,NA,NA,NA,NA,NA,NA,NA
112,Closed,6,53,19.104,18.794,12.261,3.916,109333.3333,0,784.2666667,784.2666667,2,21,0.064
112,Closed,6,39,23.177,23.273,14.738,13.636,151000,0,92.26666667,92.26666667,4,44,0.011
112,Closed,6,37,23.462,23.711,15.166,13.876,221000,0,69.2,69.2,3,34,0.017
112,Closed,6,21,21.004,21.054,16.379,15.493,273333.3333,0,NA,0,1,49,0.005
112,Closed,6,55,19.783,18.844,12.044,6.823,248333.3333,0,1591.6,1591.6,5,27,0.199
112,Closed,6,7,17.509,17.432,17.966,14.009,972666.6667,46.13333333,69.2,115.3333333,11,1,0.023
112,Closed,6,19,20.572,20.551,16.518,14.939,410000,0,23.06666667,23.06666667,1,27,0.003
112,Closed,6,45,21.587,21.606,13.75,10.275,225666.6667,0,599.7333333,599.7333333,3,35,0.07
112,Closed,6,49,20.449,20.413,12.834,7.655,133333.3333,0,715.0666667,715.0666667,7,33,0.058
112,Closed,6,23,21.763,21.758,16.161,14.541,247333.3333,0,NA,0,2,14,0.015
112,Closed,6,5,17.017,16.976,17.762,12.999,261333.3333,23.06666667,NA,23.06666667,10,2,0.02
112,Closed,6,31,23.122,23.275,15.904,15.578,533000,0,69.2,69.2,4,20,0.018
112,Closed,6,3,16.713,16.682,18.412,12.685,367333.3333,NA,NA,0,7,NA,0.077
113,50mL,1,33,23.86,24.051,17.345,16.953,NA,NA,NA,NA,NA,NA,NA
113,50mL,1,59,17.849,17.797,18.317,17.683,109000,0,0,0,2,23,0
113,50mL,1,17,20.258,20.183,17.53,15.751,469666.6667,23.06666667,0,23.06666667,2,16,0.015
113,50mL,1,3,16.991,16.953,17.917,13.3,245666.6667,322.9333333,92.26666667,415.2,3,NA,0.072
113,50mL,1,51,19.706,19.701,17.925,16.639,92000,0,92.26666667,92.26666667,3,19,0.002
113,50mL,1,11,18.667,18.579,17.508,13.776,758666.6667,0,NA,0,12,7,0.006
113,50mL,1,55,19.653,18.668,18.045,17.035,92333.33333,0,23.06666667,23.06666667,4,11,0.002
113,50mL,1,9,18.386,18.318,18.197,13.474,624000,92.26666667,46.13333333,138.4,21,5,0.01
113,50mL,1,25,22.492,22.41,17.555,14.618,181666.6667,46.13333333,0,46.13333333,8,41,0.001
113,50mL,1,27,22.972,22.951,17.761,16.074,163000,115.3333333,NA,115.3333333,3,19,0.002
113,50mL,1,57,18.24,18.339,18.615,17.189,106333.3333,0,0,0,1,14,0
113,50mL,1,47,20.941,20.951,17.685,16.215,62000,0,69.2,69.2,1,11,0
113,50mL,1,61,17.302,17.254,18.206,17.669,106333.3333,0,NA,0,1,33,0
113,50mL,1,13,19.179,19.132,17.58,15.449,403666.6667,NA,NA,0,3,37,0.01
113,50mL,1,5,17.358,17.243,17.75,11.88,273333.3333,115.3333333,138.4,253.7333333,7,1,0.042
113,50mL,1,63,16.462,16.436,18.713,17.316,148000,0,NA,0,2,27,0.001
113,50mL,1,45,21.611,21.6,17.935,16.889,210000,0,253.7333333,253.7333333,1,20,0.007
113,50mL,1,1,16.675,16.556,17.948,8.88,352333.3333,876.5333333,276.8,1153.333333,2,NA,0.087
113,50mL,1,31,23.423,23.507,17.632,17.322,152000,0,23.06666667,23.06666667,1,31,0.001
113,50mL,1,43,22.146,22.123,17.805,17.047,257666.6667,0,46.13333333,46.13333333,2,25,0
113,50mL,1,29,23.415,23.4,17.739,17.323,148666.6667,23.06666667,NA,23.06666667,4,48,0
113,50mL,1,39,23.187,23.342,17.641,17.389,121666.6667,0,69.2,69.2,5,26,0.001
113,50mL,1,37,23.688,23.691,17.754,17.31,119666.6667,0,46.13333333,46.13333333,3,15,0.002
113,50mL,1,7,17.832,17.773,18.263,13.678,1076333.333,23.06666667,NA,23.06666667,10,2,0.011
113,50mL,1,49,20.485,20.252,17.829,16.9,112666.6667,0,23.06666667,23.06666667,NA,25,0.001
113,50mL,1,65,16.005,15.951,18.689,17.432,179000,0,23.06666667,23.06666667,3,20,0.002
113,50mL,1,21,21.189,21.206,17.85,16.021,282000,NA,0,0,4,33,0.002
113,50mL,1,67,15.231,14.971,19.031,18.018,156000,0,0,0,2,20,0.001
113,50mL,1,19,20.666,20.552,17.936,16.052,339333.3333,NA,0,0,5,28,0
113,50mL,1,41,22.857,22.842,17.913,17.826,102333.3333,0,23.06666667,23.06666667,2,24,0
113,50mL,1,35,23.661,23.438,17.648,17.441,102000,0,46.13333333,46.13333333,2,12,0.003
113,50mL,1,23,21.918,21.894,17.687,15.593,229000,46.13333333,0,46.13333333,4,44,0.002
113,50mL,1,53,19.227,19.201,17.88,16.763,123000,0,23.06666667,23.06666667,4,7,0.001
113,50mL,1,15,19.76,19.758,17.773,14.809,542000,NA,23.06666667,23.06666667,4,16,0.02
114,50mL,2,27,22.83,22.668,17.964,17.053,117666.6667,23.06666667,0,23.06666667,4,23,0.01
114,50mL,2,41,22.87,22.859,18.059,18.221,61333.33333,0,0,0,0,18,0
114,50mL,2,5,17.34,17.227,17.788,12.98,367333.3333,46.13333333,NA,46.13333333,16,NA,0.023
114,50mL,2,47,20.73,20.572,17.781,17.209,43666.66667,0,NA,0,2,16,0
114,50mL,2,15,19.724,19.675,17.929,16.146,621666.6667,NA,0,0,2,24,0
114,50mL,2,31,23.426,23.461,17.688,17.583,144333.3333,0,0,0,4,17,0.002
114,50mL,2,55,19.594,18.53,18.509,17.84,77666.66667,0,0,0,0,26,0
114,50mL,2,63,16.349,16.469,18.659,17.82,121333.3333,0,NA,0,0,18,0
114,50mL,2,49,20.184,20.348,18.193,17.608,65000,0,69.2,69.2,3,35,0.004
114,50mL,2,3,17.499,16.877,18.203,12.523,304333.3333,NA,23.06666667,23.06666667,8,NA,0.027
114,50mL,2,29,23.403,23.393,17.862,17.707,112000,23.06666667,0,23.06666667,1,21,0
114,50mL,2,25,22.531,22.522,17.657,16.121,144000,NA,0,0,1,21,0
114,50mL,2,65,16.148,16.045,18.332,17.596,131333.3333,0,0,0,0,21,0
114,50mL,2,37,23.706,23.711,17.797,17.86,70000,0,0,0,2,13,0
114,50mL,2,45,21.61,21.591,18.052,17.81,90000,0,NA,0,NA,23,0
114,50mL,2,67,15.181,15.126,18.881,18.272,146333.3333,0,23.06666667,23.06666667,0,20,0
114,50mL,2,53,19.182,19.149,17.862,17.282,89000,0,0,0,1,15,0
114,50mL,2,23,21.951,21.91,17.676,16.12,203666.6667,NA,0,0,NA,41,0.001
114,50mL,2,11,18.723,18.641,17.589,14.906,799333.3333,23.06666667,0,23.06666667,18,36,0.017
114,50mL,2,33,23.808,24.183,17.534,17.363,NA,NA,NA,NA,NA,NA,NA
114,50mL,2,1,16.441,16.308,18.504,9.82,474333.3333,853.4666667,138.4,991.8666667,2,NA,0.08
114,50mL,2,7,17.89,17.79,18.044,14.231,1088333.333,46.13333333,69.2,115.3333333,12,2,0.037
114,50mL,2,43,22.148,22.041,17.938,17.532,184666.6667,0,0,0,NA,15,0
114,50mL,2,57,18.615,18.537,18.235,16.254,67000,0,0,0,NA,20,0
114,50mL,2,61,17.25,17.2,18.511,17.997,81666.66667,0,0,0,3,26,0
114,50mL,2,39,23.241,23.273,17.914,17.768,73000,0,0,0,0,32,0.001
114,50mL,2,17,20.235,20.181,17.7,15.523,449333.3333,NA,0,0,NA,15,0.001
114,50mL,2,51,19.763,19.753,17.876,17.13,70000,0,0,0,1,16,0
114,50mL,2,21,21.158,21.121,18.011,15.99,357333.3333,23.06666667,0,23.06666667,2,32,0.011
114,50mL,2,59,17.793,17.742,18.319,17.942,71666.66667,0,0,0,NA,15,0
114,50mL,2,9,18.381,18.356,18.169,14.039,524000,NA,69.2,69.2,17,3,0.018
114,50mL,2,35,23.764,23.772,17.604,17.715,92333.33333,0,0,0,2,20,0
114,50mL,2,19,20.722,20.676,17.985,16.118,445333.3333,23.06666667,0,23.06666667,1,39,0
114,50mL,2,13,19.065,19.02,17.889,15.37,455000,0,0,0,3,19,0
115,50mL,3,29,23.44,23.433,18.49,18.319,87333.33333,0,0,0,2,35,0
115,50mL,3,1,16.024,15.91,18.685,12.766,353333.3333,668.9333333,184.5333333,853.4666667,4,NA,0.086
115,50mL,3,7,17.534,17.442,18.843,15.044,856000,115.3333333,46.13333333,161.4666667,15,1,0.032
115,50mL,3,39,23.471,23.636,18.626,18.648,38000,0,0,0,0,30,0
115,50mL,3,35,23.801,23.861,18.568,18.491,86000,0,0,0,1,13,0
115,50mL,3,57,17.878,17.833,18.872,18.66,73333.33333,0,0,0,0,24,0
115,50mL,3,23,21.772,21.768,18.279,17.234,156000,0,0,0,1,24,0.001
115,50mL,3,17,20.054,20.036,18.41,17.26,425000,0,0,0,1,24,0.002
115,50mL,3,67,14.824,14.778,18.691,17.965,122000,0,0,0,0,15,0.001
115,50mL,3,21,21.034,21.113,18.553,17.213,307666.6667,0,0,0,3,40,0.001
115,50mL,3,43,22.058,21.941,18.495,18.533,77333.33333,0,NA,0,NA,21,0
115,50mL,3,27,22.823,22.965,18.574,18.103,85333.33333,0,0,0,NA,14,0
115,50mL,3,25,22.384,22.423,18.302,17.109,125333.3333,0,0,0,1,25,0.001
115,50mL,3,47,20.734,20.746,18.363,18.089,42666.66667,0,322.9333333,322.9333333,NA,22,0.002
115,50mL,3,65,15.64,15.602,18.65,18.154,138000,0,0,0,0,24,0.001
115,50mL,3,61,16.891,16.826,18.633,18.215,86000,0,0,0,0,17,0
115,50mL,3,15,19.556,19.538,18.523,16.702,552000,0,0,0,1,37,0.002
115,50mL,3,13,18.944,18.917,18.245,16.088,380000,0,0,0,5,23,0.005
115,50mL,3,53,18.793,18.683,18.54,17.727,78666.66667,0,23.06666667,23.06666667,1,16,0.003
115,50mL,3,51,19.428,19.535,18.44,17.936,38000,0,NA,0,1,18,0
115,50mL,3,59,17.435,17.428,18.746,18.42,66000,0,0,0,0,27,0
115,50mL,3,49,20.301,20.219,18.546,18.039,47333.33333,0,NA,0,NA,22,0
115,50mL,3,31,23.66,23.732,18.497,18.77,118000,0,0,0,3,42,0.002
115,50mL,3,5,16.987,16.919,18.221,13.868,317333.3333,92.26666667,23.06666667,115.3333333,6,3,0.038
115,50mL,3,63,16.084,16.032,18.578,18.418,126333.3333,0,0,0,0,19,0
115,50mL,3,55,19.863,19.155,19.03,18.503,76333.33333,0,0,0,0,18,0
115,50mL,3,11,18.487,18.47,18.022,16.031,651666.6667,0,0,0,16,4,0.03
115,50mL,3,19,20.508,20.497,18.557,17.271,331666.6667,0,0,0,1,25,0
115,50mL,3,41,22.45,22.591,18.907,18.907,39333.33333,0,0,0,NA,18,0.001
115,50mL,3,45,21.403,21.412,18.716,18.292,73666.66667,0,NA,0,1,19,0
115,50mL,3,9,18.149,18.117,18.674,14.842,418666.6667,23.06666667,92.26666667,115.3333333,27,2,0.032
115,50mL,3,37,23.702,23.705,18.791,19.006,56000,0,0,0,0,18,0
115,50mL,3,3,16.531,16.415,18.821,14.202,276333.3333,138.4,NA,138.4,6,NA,0.061
115,50mL,3,33,23.822,23.977,18.371,18.242,NA,NA,NA,NA,NA,NA,NA
116,50mL,4,45,21.45,21.407,16.873,13.494,256666.6667,0,230.6666667,230.6666667,3,21,0.003
116,50mL,4,51,19.422,19.386,16.416,5.107,315666.6667,0,484.4,484.4,8,16,0.001
116,50mL,4,39,23.331,23.471,16.945,14.799,286000,0,92.26666667,92.26666667,4,31,0.004
116,50mL,4,43,21.986,21.961,16.751,12.418,244333.3333,0,138.4,138.4,4,18,0.001
116,50mL,4,41,22.601,22.704,17.056,15.316,209333.3333,0,184.5333333,184.5333333,3,26,0.007
116,50mL,4,61,16.777,16.764,16.463,13.668,132333.3333,0,599.7333333,599.7333333,3,23,0.037
116,50mL,4,7,17.386,17.334,17.766,13.399,946666.6667,23.06666667,69.2,92.26666667,17,3,0.043
116,50mL,4,35,23.694,23.872,17.083,15.761,209333.3333,0,207.6,207.6,4,31,0.002
116,50mL,4,29,23.158,23.402,17.538,15.532,445333.3333,23.06666667,NA,23.06666667,1,41,0.001
116,50mL,4,55,19.884,19.191,16.641,5.533,198000,0,438.2666667,438.2666667,3,15,0.002
116,50mL,4,1,15.249,15.059,17.826,9.988,283000,622.8,322.9333333,945.7333333,2,NA,0.125
116,50mL,4,5,16.727,16.667,17.516,12.703,914000,46.13333333,46.13333333,92.26666667,11,1,0.063
116,50mL,4,11,18.311,18.242,17.31,15.138,641333.3333,NA,0,0,10,20,0.007
116,50mL,4,23,21.627,21.622,17.571,14.494,317666.6667,NA,0,0,1,36,0.002
116,50mL,4,47,20.716,20.755,16.369,8.088,180000,0,346,346,5,29,0.002
116,50mL,4,27,22.911,22.972,17.639,16.255,171666.6667,46.13333333,NA,46.13333333,NA,20,0.005
116,50mL,4,49,20.253,20.253,16.573,12.105,306000,0,276.8,276.8,2,35,0.002
116,50mL,4,19,20.444,20.354,17.842,16.234,454666.6667,NA,0,0,NA,45,0
116,50mL,4,37,23.604,23.723,17.054,15.336,103333.3333,0,138.4,138.4,3,29,0.002
116,50mL,4,15,19.402,19.39,17.894,16.395,499000,23.06666667,0,23.06666667,1,32,0
116,50mL,4,53,18.913,18.815,16.58,11.903,196666.6667,0,438.2666667,438.2666667,5,21,0.015
116,50mL,4,57,18.006,17.96,16.818,10.684,174000,0,668.9333333,668.9333333,2,26,0.014
116,50mL,4,59,17.377,17.307,16.607,11.459,129666.6667,0,322.9333333,322.9333333,2,24,0.002
116,50mL,4,25,22.37,22.33,17.359,14.937,210000,NA,0,0,1,44,0.002
116,50mL,4,3,16.595,15.975,17.588,12.15,244333.3333,23.06666667,23.06666667,46.13333333,12,NA,0.07
116,50mL,4,21,20.919,20.989,17.847,14.906,548666.6667,23.06666667,0,23.06666667,1,77,0.001
116,50mL,4,67,14.92,14.858,16.837,14.771,254666.6667,0,415.2,415.2,8,31,0.034
116,50mL,4,63,16.041,15.979,16.643,10.526,209333.3333,0,553.6,553.6,7,23,0.038
116,50mL,4,13,18.837,18.825,17.843,15.63,385000,NA,0,0,2,33,0
116,50mL,4,9,17.925,17.862,17.625,15.105,486666.6667,0,0,0,41,5,0.021
116,50mL,4,31,23.663,23.522,17.542,16.598,195000,0,184.5333333,184.5333333,5,40,0.008
116,50mL,4,65,15.572,15.501,16.729,14.64,255000,0,507.4666667,507.4666667,4,35,0.032
116,50mL,4,17,19.943,19.9,17.47,14.817,473666.6667,NA,0,0,1,50,0
116,50mL,4,33,23.738,23.833,16.805,15.175,NA,NA,NA,NA,NA,NA,NA
117,50mL,5,39,23.189,23.148,17.088,15.572,245666.6667,0,161.4666667,161.4666667,1,14,0.002
117,50mL,5,5,17.164,17.098,18.083,14.801,743000,46.13333333,NA,46.13333333,10,6,0.037
117,50mL,5,31,23.426,23.518,17.385,16.112,223000,0,23.06666667,23.06666667,1,27,0.002
117,50mL,5,59,17.574,17.552,17.112,11.276,162666.6667,0,161.4666667,161.4666667,6,25,0
117,50mL,5,45,21.448,21.444,16.911,14.489,219333.3333,0,415.2,415.2,5,22,0.005
117,50mL,5,63,16.383,16.349,17.272,12.06,282000,0,415.2,415.2,2,22,0.001
117,50mL,5,53,18.975,18.771,16.691,7.953,161333.3333,0,507.4666667,507.4666667,4,16,0.002
117,50mL,5,29,23.425,23.05,17.729,17.325,535333.3333,0,NA,0,2,26,0
117,50mL,5,61,17.08,17.053,17.041,13.231,223666.6667,0,299.8666667,299.8666667,2,23,0.004
117,50mL,5,9,18.389,18.381,18.024,15.195,546666.6667,0,NA,0,29,3,0.01
117,50mL,5,11,18.701,18.664,17.541,14.986,810333.3333,0,23.06666667,23.06666667,4,10,0.017
117,50mL,5,15,19.661,19.638,18.096,16.064,633666.6667,0,0,0,2,24,0
117,50mL,5,65,15.787,15.76,17.53,13.307,328333.3333,0,115.3333333,115.3333333,4,22,0.008
117,50mL,5,47,20.849,20.817,16.437,13.284,237000,0,322.9333333,322.9333333,1,21,0.001
117,50mL,5,7,17.84,17.759,18.222,14.128,1090666.667,0,46.13333333,46.13333333,14,2,0.018
117,50mL,5,13,19.16,19.131,17.557,15.56,555666.6667,0,0,0,4,65,0.002
117,50mL,5,19,20.614,20.616,18.171,16.786,558666.6667,0,0,0,3,27,0
117,50mL,5,51,19.654,19.435,16.543,10.149,236333.3333,0,415.2,415.2,2,25,0.002
117,50mL,5,25,22.498,22.467,17.715,15.634,195333.3333,0,0,0,1,16,0
117,50mL,5,21,21.219,21.216,17.95,17.077,362000,0,0,0,2,24,0
117,50mL,5,17,20.026,20.115,17.819,16.764,592333.3333,0,0,0,2,60,0
117,50mL,5,3,17.116,17.006,17.765,12.973,310333.3333,23.06666667,69.2,92.26666667,7,NA,0.04
117,50mL,5,23,21.871,21.804,17.771,15.437,273333.3333,0,0,0,1,42,0
117,50mL,5,37,23.873,23.913,17.132,15.329,214666.6667,0,115.3333333,115.3333333,1,36,0.003
117,50mL,5,1,16.661,16.575,17.973,9.281,683000,553.6,299.8666667,853.4666667,3,NA,0.098
117,50mL,5,67,15.101,15.048,17.628,16.145,326666.6667,0,253.7333333,253.7333333,1,33,0.004
117,50mL,5,57,18.13,18.174,17.122,10.12,191000,0,299.8666667,299.8666667,8,22,0.002
117,50mL,5,49,20.43,20.427,16.673,14.35,215666.6667,0,207.6,207.6,2,20,0.002
117,50mL,5,41,22.904,22.886,17.097,16.034,181000,0,184.5333333,184.5333333,NA,22,0.002
117,50mL,5,27,22.953,22.956,17.823,16.103,167000,0,NA,0,4,35,0.025
117,50mL,5,35,23.603,23.597,17.122,15.673,265000,0,138.4,138.4,NA,27,0.003
117,50mL,5,33,23.823,24.069,18.107,15.554,NA,NA,NA,NA,NA,NA,NA
117,50mL,5,43,22.135,22.147,16.852,14.235,272333.3333,0,369.0666667,369.0666667,1,23,0.004
117,50mL,5,55,19.706,19.015,16.978,12.983,193333.3333,0,945.7333333,945.7333333,3,12,0.004
118,50mL,6,63,16.523,16.509,18.717,17.949,271333.3333,0,0,0,1,10,0
118,50mL,6,53,18.899,18.994,18.096,17.552,182666.6667,0,0,0,4,29,0
118,50mL,6,49,20.278,20.328,17.978,17.117,89666.66667,0,NA,0,1,26,0
118,50mL,6,37,23.85,23.854,17.909,17.666,83333.33333,0,0,0,1,31,0
118,50mL,6,31,23.351,23.313,17.883,17.677,142333.3333,0,NA,0,3,20,0
118,50mL,6,57,18.183,18.153,18.636,18.196,69000,0,0,0,0,31,0.001
118,50mL,6,39,23.198,23.175,17.96,18.268,91333.33333,0,0,0,NA,37,0
118,50mL,6,29,23.312,23.414,17.922,17.362,158666.6667,0,NA,0,1,26,0
118,50mL,6,3,16.761,16.609,18.377,12.688,267333.3333,NA,0,0,7,NA,0.042
118,50mL,6,45,21.512,21.364,18.095,17.416,113000,0,0,0,NA,33,0
118,50mL,6,21,21.144,21.125,17.864,16.857,514666.6667,0,0,0,NA,42,0
118,50mL,6,25,22.353,22.387,17.614,15.11,226333.3333,0,0,0,4,34,0
118,50mL,6,23,21.754,21.778,17.744,15.129,298666.6667,0,0,0,1,40,0
118,50mL,6,61,17.117,17.092,18.379,17.594,76333.33333,0,0,0,NA,16,0
118,50mL,6,9,18.305,18.241,17.968,14.587,497000,0,23.06666667,23.06666667,22,2,0.026
118,50mL,6,15,19.608,19.63,17.866,15.037,768666.6667,23.06666667,0,23.06666667,1,38,0
118,50mL,6,35,23.621,23.529,17.804,18.137,107666.6667,0,23.06666667,23.06666667,1,18,0.003
118,50mL,6,55,19.542,18.73,18.55,17.839,99666.66667,0,0,0,0,20,0
118,50mL,6,47,20.943,20.922,17.798,17.353,81000,0,NA,0,NA,17,0
118,50mL,6,27,22.7,22.9,17.963,16.632,181666.6667,0,0,0,NA,47,0
118,50mL,6,41,22.56,22.432,18.2,18.274,60666.66667,0,0,0,1,20,0
118,50mL,6,11,18.561,18.524,17.55,13.796,905000,NA,0,0,23,11,0.015
118,50mL,6,1,16.311,16.157,18.355,9.618,422666.6667,230.6666667,69.2,299.8666667,4,NA,0.091
118,50mL,6,13,18.988,18.941,17.765,14.767,568666.6667,NA,0,0,7,17,0.009
118,50mL,6,17,20.064,20.045,17.71,15.821,600333.3333,0,0,0,2,50,0
118,50mL,6,43,21.935,21.907,17.986,16.701,103000,0,0,0,1,32,0
118,50mL,6,19,20.599,20.539,17.984,16.045,576000,0,0,0,2,34,0
118,50mL,6,65,15.923,15.839,18.605,17.746,146000,0,0,0,0,34,0
118,50mL,6,51,19.487,19.263,17.958,17.7,198333.3333,0,69.2,69.2,1,20,0.002
118,50mL,6,5,17.063,16.958,17.785,13.198,2056000,23.06666667,NA,23.06666667,8,NA,0.013
118,50mL,6,67,15.497,15.415,18.495,18.181,110666.6667,0,0,0,0,25,0
118,50mL,6,7,17.761,17.656,18.18,14.138,1028333.333,0,NA,0,18,5,0.029
118,50mL,6,59,17.841,17.779,18.346,17.671,56333.33333,0,0,0,NA,27,0
118,50mL,6,33,23.704,23.965,17.482,17.293,NA,NA,NA,NA,NA,NA,NA
119,100mL,1,27,22.932,22.831,18.326,18.395,79666.66667,0,0,0,NA,22,0
119,100mL,1,33,23.821,24.184,17.958,18.661,NA,NA,NA,NA,NA,NA,NA
119,100mL,1,57,17.939,17.992,18.623,18.349,60000,0,NA,0,0,18,0
119,100mL,1,21,21.233,21.203,18.344,17.07,254000,0,0,0,NA,26,0
119,100mL,1,3,17.529,16.849,18.303,13.652,252333.3333,322.9333333,23.06666667,346,9,NA,0.031
119,100mL,1,59,17.347,17.325,18.43,18.295,64333.33333,0,92.26666667,92.26666667,0,29,0.002
119,100mL,1,47,20.679,20.692,18.126,17.933,47666.66667,0,0,0,0,14,0
119,100mL,1,67,14.842,14.751,18.202,17.76,98000,0,0,0,0,20,0
119,100mL,1,17,20.081,20.128,18.412,16.666,412666.6667,0,0,0,1,46,0.011
119,100mL,1,41,22.753,22.653,18.589,18.764,44666.66667,0,NA,0,0,19,0
119,100mL,1,51,19.387,19.892,18.181,17.389,117666.6667,0,NA,0,0,21,0
119,100mL,1,43,21.99,22.01,18.331,18.05,55333.33333,0,46.13333333,46.13333333,0,26,0.001
119,100mL,1,53,18.776,19.2,18.295,17.969,83333.33333,0,NA,0,0,27,0
119,100mL,1,29,23.423,23.402,18.328,18.563,91333.33333,0,NA,0,2,28,0
119,100mL,1,63,16.166,16.15,18.294,17.808,105666.6667,0,0,0,0,22,0
119,100mL,1,55,19.873,19.141,18.783,17.963,72333.33333,0,115.3333333,115.3333333,0,21,0.007
119,100mL,1,11,18.82,18.779,17.859,15.814,561000,NA,NA,0,4,24,0.005
119,100mL,1,19,20.719,20.69,18.392,17.189,300333.3333,0,0,0,NA,24,0
119,100mL,1,5,17.339,17.279,18.278,14.139,17542000,69.2,23.06666667,92.26666667,8,3,0.025
119,100mL,1,39,23.25,23.288,18.45,18.832,48000,0,NA,0,0,15,0
119,100mL,1,25,22.502,22.482,18.235,17.373,122666.6667,0,0,0,NA,26,0.01
119,100mL,1,9,18.532,18.504,18.203,15.646,418000,23.06666667,46.13333333,69.2,8,4,0.022
119,100mL,1,13,19.035,19.021,18.137,16.147,411333.3333,23.06666667,23.06666667,46.13333333,6,22,0.009
119,100mL,1,15,19.81,19.751,18.305,16.561,584333.3333,0,0,0,11,18,0
119,100mL,1,35,23.751,23.716,18.451,18.546,35333.33333,0,46.13333333,46.13333333,0,30,0.001
119,100mL,1,7,18.018,18.019,18.472,15.524,796666.6667,92.26666667,NA,92.26666667,22,4,0.004
119,100mL,1,31,23.288,23.346,18.352,18.44,66333.33333,0,NA,0,0,14,0
119,100mL,1,37,23.764,23.81,18.476,18.739,55333.33333,0,0,0,0,25,0.001
119,100mL,1,49,20.309,20.21,18.241,17.978,63333.33333,0,0,0,0,17,0
119,100mL,1,45,21.453,21.322,18.563,18.512,81000,0,23.06666667,23.06666667,0,33,0.002
119,100mL,1,61,16.777,16.948,18.139,17.957,67333.33333,0,0,0,0,24,0
119,100mL,1,1,16.445,16.282,18.601,12.007,243000,1314.8,761.2,2076,5,NA,0.141
119,100mL,1,65,15.576,15.519,18.294,17.874,132666.6667,0,0,0,0,17,0
119,100mL,1,23,21.928,21.903,18.132,16.8,149333.3333,0,0,0,3,25,0.002
120,100mL,2,21,21.026,20.983,18.149,17.123,492333.3333,0,0,0,1,58,0.002
120,100mL,2,55,19.69,18.928,18.485,17.443,129000,0,23.06666667,23.06666667,4,19,0.001
120,100mL,2,23,21.753,21.75,17.931,14.478,342666.6667,NA,0,0,4,32,0
120,100mL,2,39,23.418,23.516,17.922,18.105,106666.6667,0,NA,0,NA,33,0
120,100mL,2,9,17.913,17.892,17.928,13.284,558666.6667,46.13333333,0,46.13333333,11,NA,0.015
120,100mL,2,51,19.562,19.489,17.944,17.568,122666.6667,0,NA,0,1,26,0
120,100mL,2,19,20.414,20.418,18.16,16.722,24333.33333,0,0,0,1,35,0
120,100mL,2,13,18.771,18.744,17.756,15.319,649666.6667,23.06666667,0,23.06666667,3,37,0.005
120,100mL,2,7,17.366,17.285,17.694,14.126,940000,69.2,23.06666667,92.26666667,5,4,0.044
120,100mL,2,53,19.124,19.112,18.125,17.385,109333.3333,0,NA,0,NA,30,0
120,100mL,2,59,17.573,17.541,18.352,17.763,85000,0,NA,0,1,30,0
120,100mL,2,45,21.476,21.428,18.177,16.976,118666.6667,0,0,0,1,33,0.001
120,100mL,2,25,22.253,22.263,17.939,15.009,222666.6667,NA,0,0,NA,18,0.001
120,100mL,2,1,15.22,15.17,17.714,8.279,244000,1014.933333,299.8666667,1314.8,2,NA,0.1
120,100mL,2,37,23.902,23.901,18.007,17.611,91000,0,0,0,NA,22,0
120,100mL,2,57,18.219,18.161,18.542,17.972,95666.66667,0,23.06666667,23.06666667,NA,37,0.002
120,100mL,2,49,20.427,20.427,18.078,17.15,90000,0,0,0,NA,28,0
120,100mL,2,29,23.308,23.368,18.129,17.57,238666.6667,0,0,0,1,33,0
120,100mL,2,41,22.911,22.876,18.173,18.285,101000,0,NA,0,1,25,0
120,100mL,2,35,23.864,23.909,17.794,17.663,121000,0,0,0,2,33,0.001
120,100mL,2,11,18.312,18.266,17.474,12.907,852000,23.06666667,0,23.06666667,25,3,0.022
120,100mL,2,5,16.567,16.519,17.588,12.855,17138666.67,NA,NA,0,4,1,0.058
120,100mL,2,63,16.356,16.327,18.409,17.516,289333.3333,0,23.06666667,23.06666667,NA,33,0.001
120,100mL,2,3,16.338,15.932,17.767,13.447,332000,69.2,23.06666667,92.26666667,9,NA,0.07
120,100mL,2,17,19.935,19.891,17.858,16.159,627666.6667,0,0,0,3,31,0
120,100mL,2,47,20.878,20.651,17.83,16.52,78666.66667,0,0,0,1,25,0.001
120,100mL,2,61,17.008,16.97,18.607,18.137,108000,0,NA,0,1,30,0.001
120,100mL,2,27,22.909,22.906,18.159,16.846,177666.6667,46.13333333,0,46.13333333,2,23,0
120,100mL,2,67,14.969,14.989,18.786,18.03,191666.6667,0,0,0,0,20,0.001
120,100mL,2,15,19.503,19.478,17.915,15.611,947333.3333,0,0,0,2,40,0
120,100mL,2,33,23.706,23.896,17.609,19.283,NA,NA,NA,NA,NA,NA,NA
120,100mL,2,65,15.88,15.882,18.512,17.955,156666.6667,0,0,0,3,30,0
120,100mL,2,43,22.147,22.153,17.938,17.176,134333.3333,0,46.13333333,46.13333333,3,19,0.002
120,100mL,2,31,23.518,23.538,18.211,18.052,166333.3333,0,0,0,1,26,0
121,100mL,3,39,23.252,23.272,17.515,15.134,287666.6667,0,115.3333333,115.3333333,1,27,0.003
121,100mL,3,55,19.636,18.672,17.324,8.931,175333.3333,0,830.4,830.4,1,17,0.001
121,100mL,3,47,20.952,20.939,16.914,7.889,225333.3333,0,276.8,276.8,1,41,0.002
121,100mL,3,35,23.554,23.344,18.032,16.632,294000,0,NA,0,NA,21,0
121,100mL,3,63,16.632,16.575,17.804,14.97,337333.3333,0,346,346,4,22,0.002
121,100mL,3,59,17.733,17.614,17.664,11.853,199333.3333,0,415.2,415.2,1,25,0.001
121,100mL,3,53,18.856,18.753,17.424,10.283,485666.6667,0,530.5333333,530.5333333,1,22,0.001
121,100mL,3,43,22.153,22.101,17.192,10.809,372666.6667,0,161.4666667,161.4666667,2,15,0.001
121,100mL,3,61,17.362,17.314,17.615,11.854,195000,0,276.8,276.8,1,15,0.002
121,100mL,3,65,16.17,16.12,18.042,13.154,422333.3333,0,438.2666667,438.2666667,7,11,0.002
121,100mL,3,51,19.395,19.726,17.206,8.639,193666.6667,0,576.6666667,576.6666667,NA,14,0.004
121,100mL,3,25,22.456,22.442,18.283,16.316,119666.6667,0,0,0,2,31,0
121,100mL,3,3,16.519,16.416,18.772,12.639,227333.3333,276.8,46.13333333,322.9333333,12,NA,0.07
121,100mL,3,49,20.515,20.402,17.09,5.077,252666.6667,0,484.4,484.4,NA,14,0.002
121,100mL,3,29,23.388,23.386,18.383,17.424,189666.6667,0,0,0,0,17,0
121,100mL,3,17,19.979,20.049,18.297,16.127,470333.3333,0,0,0,2,33,0
121,100mL,3,5,16.892,16.85,18.132,13.912,3098333.333,NA,NA,0,7,5,0.02
121,100mL,3,27,22.769,22.806,18.487,17.115,122666.6667,0,0,0,2,37,0
121,100mL,3,9,18.188,18.135,18.388,14.697,490333.3333,0,23.06666667,23.06666667,16,7,0.034
121,100mL,3,41,22.86,22.858,17.348,12.653,325000,0,207.6,207.6,1,12,0.015
121,100mL,3,21,21.124,21.135,18.583,16.229,304000,0,0,0,1,30,0.008
121,100mL,3,1,16.027,15.899,19.388,11.586,245333.3333,715.0666667,484.4,1199.466667,2,NA,0.117
121,100mL,3,37,23.621,23.289,17.796,15.697,251666.6667,0,69.2,69.2,NA,20,0.002
121,100mL,3,67,15.528,15.431,17.897,15.472,350333.3333,0,392.1333333,392.1333333,1,12,0.002
121,100mL,3,57,18.589,18.524,17.588,11.444,208000,0,484.4,484.4,2,24,0.007
121,100mL,3,7,17.495,17.433,18.673,14.521,857000,92.26666667,23.06666667,115.3333333,26,2,0.024
121,100mL,3,31,23.666,23.728,18.276,17.307,220666.6667,0,NA,0,0,20,0.003
121,100mL,3,45,21.596,21.623,17.257,7.27,346000,0,369.0666667,369.0666667,1,30,0.008
121,100mL,3,13,18.947,18.931,18.426,16.003,372000,0,0,0,4,35,0
121,100mL,3,15,19.573,19.609,18.462,16.293,706000,0,0,0,1,46,0.008
121,100mL,3,19,20.573,20.584,18.434,16.848,400666.6667,0,0,0,1,41,0
121,100mL,3,23,21.702,21.729,18.27,16.826,195000,0,0,0,2,42,0.003
121,100mL,3,11,18.475,18.437,18.096,14.882,570000,0,0,0,16,10,0.02
121,100mL,3,33,NA,23.998,NA,16.73,NA,NA,NA,NA,NA,NA,NA
122,100mL,4,31,23.275,22.844,18.548,17.922,101666.6667,0,0,0,1,25,0
122,100mL,4,57,18.285,18.423,18.925,16.113,149666.6667,0,23.06666667,23.06666667,2,43,0.003
122,100mL,4,29,23.376,23.396,18.605,18.286,117666.6667,0,0,0,2,20,0
122,100mL,4,53,19.152,19.157,18.384,16.02,172000,0,23.06666667,23.06666667,1,22,0
122,100mL,4,15,19.684,19.68,19.051,16.907,743333.3333,0,0,0,0,32,0
122,100mL,4,55,19.569,18.608,18.879,16.995,216333.3333,0,23.06666667,23.06666667,1,15,0.003
122,100mL,4,25,22.501,22.396,18.551,16.71,129000,0,0,0,NA,19,0.001
122,100mL,4,27,22.955,22.969,18.594,18.025,101333.3333,0,0,0,NA,18,0.001
122,100mL,4,17,20.117,20.077,18.75,16.861,481666.6667,0,0,0,NA,51,0.003
122,100mL,4,33,23.849,24.175,18.124,17.696,NA,NA,NA,NA,NA,NA,NA
122,100mL,4,43,22.146,22.138,18.449,16.926,136333.3333,0,NA,0,1,50,0
122,100mL,4,61,17.122,17.178,18.867,16.274,194666.6667,0,23.06666667,23.06666667,2,19,0
122,100mL,4,19,20.754,20.698,18.757,17.497,405333.3333,0,0,0,NA,41,0
122,100mL,4,11,18.723,18.657,18.539,15.834,568333.3333,0,0,0,18,19,0.006
122,100mL,4,41,22.836,22.842,18.533,18.26,93666.66667,0,0,0,2,23,0
122,100mL,4,21,21.183,21.187,18.864,17.278,330000,0,0,0,2,33,0
122,100mL,4,67,15.15,15.092,19.239,16.595,212333.3333,0,46.13333333,46.13333333,1,23,0
122,100mL,4,5,17.139,17.072,18.787,14.059,10628666.67,0,NA,0,9,2,0.04
122,100mL,4,23,21.955,21.921,18.483,16.823,195333.3333,0,0,0,0,22,0
122,100mL,4,51,19.7,19.66,18.266,16.548,151000,0,NA,0,2,17,0
122,100mL,4,63,16.648,16.62,18.674,17.009,233666.6667,0,23.06666667,23.06666667,1,17,0.002
122,100mL,4,59,17.706,17.6,18.792,15.988,272000,0,46.13333333,46.13333333,2,19,0
122,100mL,4,7,17.791,17.759,19.058,14.95,837666.6667,0,NA,0,30,3,0.034
122,100mL,4,35,23.409,23.446,18.532,18.155,87333.33333,0,0,0,NA,30,0.002
122,100mL,4,65,16.162,16.098,18.656,15.367,218666.6667,0,46.13333333,46.13333333,2,33,0
122,100mL,4,47,20.913,20.901,18.19,16.394,127666.6667,0,23.06666667,23.06666667,NA,6,0.001
122,100mL,4,13,19.09,19.054,18.97,16.862,423666.6667,0,0,0,1,40,0
122,100mL,4,37,23.754,23.756,18.5,18.224,77666.66667,0,0,0,NA,35,0
122,100mL,4,49,20.521,20.49,18.317,17.125,143000,0,NA,0,1,28,0
122,100mL,4,9,18.39,18.361,18.974,15.193,625666.6667,0,23.06666667,23.06666667,19,19,0.024
122,100mL,4,1,16.446,16.326,18.765,11.607,238333.3333,484.4,461.3333333,945.7333333,3,NA,0.133
122,100mL,4,3,17.484,16.885,18.507,14.02,310333.3333,138.4,46.13333333,184.5333333,6,NA,0.048
122,100mL,4,45,21.603,21.588,18.585,17.394,122000,0,NA,0,NA,26,0
122,100mL,4,39,23.235,23.29,18.494,18.158,97000,0,0,0,1,22,0.001
123,100mL,5,57,17.892,17.802,18.353,15.247,2.00E+05,0,138.4,138.4,1,21,0.001
123,100mL,5,67,14.852,14.873,18.338,16.632,337333.3333,0,0,0,4,14,0.002
123,100mL,5,31,23.325,23.051,18.217,17.807,134000,0,0,0,0,19,0
123,100mL,5,35,23.615,23.661,18.407,17.875,114333.3333,0,0,0,0,19,0
123,100mL,5,39,23.464,23.53,18.292,18.115,88666.66667,0,NA,0,NA,30,0
123,100mL,5,37,23.483,23.618,18.508,17.744,101666.6667,0,NA,0,NA,14,0
123,100mL,5,17,20.216,20.19,18.231,16.105,482333.3333,0,0,0,1,35,0
123,100mL,5,51,19.675,19.632,18.075,15.644,184666.6667,0,NA,0,2,20,0
123,100mL,5,23,21.879,21.855,18.394,15.646,256000,0,0,0,6,69,0.004
123,100mL,5,21,21.217,21.207,18.474,16.499,391666.6667,0,0,0,7,32,0.002
123,100mL,5,25,22.561,22.524,18.108,16.273,155000,NA,0,0,3,35,0
123,100mL,5,55,19.687,18.82,18.619,16.198,140000,0,46.13333333,46.13333333,NA,15,0.003
123,100mL,5,49,20.281,20.29,18.263,15.858,239333.3333,0,23.06666667,23.06666667,2,21,0.005
123,100mL,5,29,23.431,23.411,18.337,17.707,158000,23.06666667,0,23.06666667,1,16,0.012
123,100mL,5,61,16.873,16.819,18.334,15.717,225666.6667,0,115.3333333,115.3333333,1,15,0.002
123,100mL,5,7,18.063,17.956,18.454,14.46,934666.6667,46.13333333,NA,46.13333333,9,3,0.008
123,100mL,5,27,22.823,22.798,18.421,17.446,133666.6667,NA,0,0,NA,21,0.001
123,100mL,5,63,16.052,16.009,18.16,15.664,338000,0,184.5333333,184.5333333,3,14,0
123,100mL,5,19,20.69,20.629,18.588,16.622,512333.3333,0,0,0,1,66,0
123,100mL,5,47,20.934,20.906,18.071,16.046,93333.33333,0,NA,0,1,7,0
123,100mL,5,65,15.559,15.558,18.386,15.926,244666.6667,0,69.2,69.2,3,19,0
123,100mL,5,41,22.901,22.889,18.484,17.765,55666.66667,0,23.06666667,23.06666667,1,12,0.006
123,100mL,5,3,17.558,16.96,17.981,12.659,227000,23.06666667,46.13333333,69.2,13,NA,0.079
123,100mL,5,45,21.438,21.491,18.504,17.223,122333.3333,0,NA,0,1,20,0
123,100mL,5,59,17.37,17.589,18.094,15.804,161666.6667,0,69.2,69.2,2,27,0.002
123,100mL,5,13,19.071,19.029,18.543,15.509,422333.3333,0,0,0,13,23,0.003
123,100mL,5,43,22.002,21.91,18.396,17.425,106000,0,0,0,NA,21,0.001
123,100mL,5,5,17.119,17.185,18.583,13.351,1242000,92.26666667,23.06666667,115.3333333,9,1,0.024
123,100mL,5,33,23.831,24.079,17.896,17.907,NA,NA,NA,NA,NA,NA,NA
123,100mL,5,53,18.957,18.9,18.135,16.172,233000,0,23.06666667,23.06666667,2,22,0.001
123,100mL,5,9,18.522,18.469,18.332,14.547,527333.3333,0,23.06666667,23.06666667,18,4,0.029
123,100mL,5,15,19.696,19.687,18.67,16.36,855333.3333,0,0,0,2,33,0
123,100mL,5,1,16.673,16.542,18.171,10.7,259666.6667,738.1333333,369.0666667,1107.2,3,NA,0.099
123,100mL,5,11,18.826,18.744,17.915,14.288,572333.3333,0,0,0,16,4,0.007
124,100mL,6,55,19.613,18.662,18.59,18.57,77666.66667,0,NA,0,0,6,0
124,100mL,6,65,16.017,15.97,18.996,17.864,132333.3333,0,0,0,0,24,0
124,100mL,6,67,15.497,15.427,18.625,17.546,114000,0,0,0,0,26,0
124,100mL,6,37,23.704,23.711,18.415,18.224,85333.33333,0,0,0,NA,30,0.001
124,100mL,6,41,22.859,22.854,18.543,18.344,46666.66667,0,0,0,1,15,0
124,100mL,6,27,22.864,22.826,18.526,17.675,105333.3333,0,0,0,2,20,0.002
124,100mL,6,45,21.588,21.606,18.566,17.655,66666.66667,0,0,0,1,28,0
124,100mL,6,49,20.278,20.492,18.563,17.616,70333.33333,0,NA,0,0,15,0
124,100mL,6,57,18.436,18.501,18.873,17.941,76666.66667,0,NA,0,0,23,0
124,100mL,6,29,23.272,23.231,18.505,18.075,398333.3333,0,0,0,2,32,0
124,100mL,6,19,20.434,20.47,18.498,16.576,18000,0,0,0,1,33,0.001
124,100mL,6,35,23.76,23.763,18.111,18.088,78666.66667,0,0,0,0,14,0
124,100mL,6,1,15.696,15.451,18.083,9.363,222666.6667,484.4,138.4,622.8,4,NA,0.084
124,100mL,6,5,16.568,16.513,17.841,12.129,358666.6667,NA,23.06666667,23.06666667,3,1,0.043
124,100mL,6,13,18.712,18.714,18.205,15.356,467333.3333,0,0,0,6,24,0
124,100mL,6,15,19.435,19.397,18.351,15.835,895333.3333,0,0,0,2,28,0.001
124,100mL,6,47,20.959,20.957,18.164,17.776,52333.33333,0,0,0,0,7,0.001
124,100mL,6,31,23.747,23.493,18.489,17.964,471666.6667,0,0,0,0,17,0
124,100mL,6,3,16.822,15.993,18.101,13.073,288666.6667,23.06666667,69.2,92.26666667,5,NA,0.028
124,100mL,6,17,19.953,19.945,18.176,16.852,129666.6667,0,0,0,NA,23,0
124,100mL,6,23,21.713,21.719,18.27,16.369,235666.6667,0,0,0,NA,32,0
124,100mL,6,63,16.642,16.578,18.683,17.695,126333.3333,0,23.06666667,23.06666667,0,22,0
124,100mL,6,25,22.396,22.362,18.182,16.843,140000,0,0,0,NA,31,0.003
124,100mL,6,53,19.232,19.181,18.31,17.1,83666.66667,0,322.9333333,322.9333333,0,18,0.005
124,100mL,6,59,17.727,17.577,18.878,18.111,91333.33333,0,23.06666667,23.06666667,0,27,0
124,100mL,6,43,22.151,22.13,18.431,17.719,248666.6667,0,0,0,1,26,0
124,100mL,6,21,21.054,20.965,18.522,17.075,314666.6667,0,0,0,3,31,0
124,100mL,6,9,18.007,18.013,18.184,13.943,607666.6667,0,0,0,22,4,0.007
124,100mL,6,7,17.253,17.173,18.082,13.54,964333.3333,69.2,0,69.2,15,2,0.04
124,100mL,6,51,19.572,19.588,18.405,17.338,58666.66667,0,NA,0,0,18,0
124,100mL,6,33,23.747,23.874,18.039,17.854,NA,NA,NA,NA,NA,NA,NA
124,100mL,6,11,18.368,18.366,17.899,12.829,596333.3333,0,0,0,10,9,0
124,100mL,6,39,23.327,23.363,18.336,17.975,48666.66667,0,0,0,NA,18,0
124,100mL,6,61,17.104,17.068,18.898,17.48,116333.3333,0,69.2,69.2,0,27,0.002
125,200mL,1,51,19.362,19.04,18.429,17.867,51666.66667,0,NA,0,NA,13,0
125,200mL,1,65,15.836,15.784,18.785,17.916,104000,0,0,0,0,16,0.001
125,200mL,1,35,23.797,23.737,18.522,18.639,84666.66667,0,NA,0,0,25,0
125,200mL,1,7,17.578,17.478,18.994,15.718,934333.3333,299.8666667,138.4,438.2666667,9,4,0.052
125,200mL,1,21,21.001,21.135,18.833,16.889,288333.3333,0,0,0,1,21,0.002
125,200mL,1,19,20.566,20.54,18.991,17.493,359333.3333,0,0,0,NA,36,0
125,200mL,1,15,19.598,19.576,18.995,16.999,730666.6667,0,0,0,1,51,0.004
125,200mL,1,45,21.437,21.25,18.729,18.225,66000,0,0,0,0,35,0.004
125,200mL,1,47,20.737,20.962,18.367,17.808,37333.33333,0,0,0,0,19,0
125,200mL,1,57,18.25,18.184,19.093,18.558,56666.66667,0,0,0,0,23,0
125,200mL,1,17,20.035,19.958,18.642,17.181,516333.3333,0,0,0,1,36,0.003
125,200mL,1,43,21.976,22.003,18.584,18.428,99333.33333,0,0,0,1,21,0.001
125,200mL,1,63,16.23,16.182,18.956,18.139,83666.66667,0,0,0,0,36,0.01
125,200mL,1,29,23.205,22.956,18.82,18.635,83333.33333,0,0,0,1,23,0
125,200mL,1,27,22.631,22.89,18.834,18.009,88000,0,0,0,NA,16,0
125,200mL,1,11,18.513,18.463,18.396,15.753,488666.6667,0,23.06666667,23.06666667,4,23,0.023
125,200mL,1,53,18.584,18.631,18.625,17.849,46666.66667,0,23.06666667,23.06666667,1,25,0
125,200mL,1,59,17.619,17.555,18.754,18.313,63666.66667,0,0,0,0,26,0.002
125,200mL,1,49,20.286,20.231,18.466,18.18,46000,0,NA,0,NA,32,0.001
125,200mL,1,3,16.562,16.428,18.858,14.145,220000,392.1333333,23.06666667,415.2,9,NA,0.022
125,200mL,1,67,15.109,15.054,18.916,18.406,222666.6667,0,0,0,0,34,0.001
125,200mL,1,31,23.677,23.742,18.603,18.541,76000,0,0,0,0,26,0.001
125,200mL,1,23,21.837,21.801,18.656,17.422,171666.6667,0,0,0,NA,11,0
125,200mL,1,61,17.06,16.996,18.786,17.728,60666.66667,0,0,0,0,14,0
125,200mL,1,5,16.871,16.818,18.571,14.177,4006333.333,138.4,23.06666667,161.4666667,10,2,0.025
125,200mL,1,1,16.029,15.905,18.86,10.542,223666.6667,1176.4,184.5333333,1360.933333,6,NA,0.102
125,200mL,1,25,22.407,22.341,18.518,16.509,123333.3333,0,0,0,1,28,0
125,200mL,1,9,18.155,18.107,19.064,14.983,498000,69.2,NA,69.2,7,2,0.031
125,200mL,1,13,18.921,18.94,18.832,16.356,366666.6667,0,0,0,8,7,0.016
125,200mL,1,55,19.857,19.105,18.908,18.59,73333.33333,0,0,0,0,10,0.002
125,200mL,1,41,22.514,22.658,18.964,18.832,44000,0,0,0,NA,19,0
125,200mL,1,39,23.188,22.639,18.729,18.876,51666.66667,0,23.06666667,23.06666667,NA,28,0.007
125,200mL,1,33,23.813,23.951,18.277,18.444,NA,NA,NA,NA,NA,NA,NA
125,200mL,1,37,23.881,23.829,18.617,18.463,67000,0,NA,0,0,13,0
126,200mL,2,31,23.707,23.309,18.422,17.357,181333.3333,0,NA,0,NA,34,0
126,200mL,2,29,23.158,23.212,18.421,17.606,222666.6667,0,NA,0,1,58,0.001
126,200mL,2,5,16.734,16.671,17.836,10.818,103666.6667,392.1333333,92.26666667,484.4,9,2,0.059
126,200mL,2,27,22.733,22.877,18.461,16.761,281333.3333,0,0,0,2,53,0.003
126,200mL,2,59,17.639,17.522,18.785,16.824,147000,0,69.2,69.2,4,40,0.003
126,200mL,2,67,15.098,15.158,18.901,16.429,234333.3333,0,0,0,0,19,0
126,200mL,2,55,19.39,18.572,18.706,16.818,128666.6667,0,46.13333333,46.13333333,NA,9,0.002
126,200mL,2,35,23.607,23.774,17.954,17.117,151666.6667,0,161.4666667,161.4666667,NA,38,0.001
126,200mL,2,53,19.231,19.191,18.151,17.236,126000,0,NA,0,5,21,0
126,200mL,2,25,22.242,22.23,18.327,16.688,225000,0,0,0,NA,50,0.001
126,200mL,2,17,19.948,19.925,18.199,15.665,688333.3333,69.2,0,69.2,NA,62,0.004
126,200mL,2,23,21.637,21.638,18.261,15.314,326666.6667,0,0,0,NA,41,0
126,200mL,2,65,16.231,16.112,18.413,15.971,240000,0,23.06666667,23.06666667,1,54,0.001
126,200mL,2,1,15.282,15.181,17.92,10.525,233000,599.7333333,461.3333333,1061.066667,7,NA,0.13
126,200mL,2,11,18.296,18.229,17.847,14.701,782333.3333,0,0,0,3,37,0.002
126,200mL,2,39,23.297,23.358,18.126,17.143,162666.6667,0,23.06666667,23.06666667,4,31,0
126,200mL,2,3,16.152,16.346,17.846,11.132,289666.6667,161.4666667,NA,161.4666667,8,NA,0.044
126,200mL,2,19,20.396,20.33,18.558,16.565,496333.3333,0,0,0,5,40,0
126,200mL,2,7,17.447,17.374,18.334,12.865,1257333.333,23.06666667,138.4,161.4666667,17,1,0.036
126,200mL,2,43,22.157,22.136,18.136,16.084,189666.6667,0,46.13333333,46.13333333,1,36,0.002
126,200mL,2,37,23.762,23.781,18.042,17.542,168000,0,46.13333333,46.13333333,3,32,0.004
126,200mL,2,21,20.995,20.874,18.502,13.716,405666.6667,0,0,0,2,35,0.002
126,200mL,2,51,19.711,19.714,18.151,15.831,140000,0,23.06666667,23.06666667,1,20,0
126,200mL,2,63,16.467,16.483,18.744,17.31,269333.3333,0,23.06666667,23.06666667,4,21,0
126,200mL,2,61,17.341,17.305,18.459,16.362,161000,0,NA,0,2,34,0.001
126,200mL,2,45,21.599,21.582,18.289,16.82,149000,0,69.2,69.2,5,28,0.003
126,200mL,2,9,17.898,17.884,18.161,12.904,637000,0,0,0,34,NA,0.023
126,200mL,2,41,22.676,22.393,18.303,17.75,138666.6667,0,NA,0,4,36,0
126,200mL,2,13,18.833,18.788,18.236,15.162,475666.6667,NA,0,0,1,22,0.001
126,200mL,2,15,19.495,19.483,18.498,15.615,819333.3333,NA,0,0,3,43,0
126,200mL,2,33,23.725,23.88,17.902,16.89,NA,NA,NA,NA,NA,NA,NA
126,200mL,2,57,18.243,18.41,18.709,16.576,156333.3333,0,23.06666667,23.06666667,1,27,0.001
126,200mL,2,47,20.931,20.946,17.833,16.701,126666.6667,0,92.26666667,92.26666667,5,32,0.007
126,200mL,2,49,20.451,20.457,18.222,16.107,130333.3333,0,46.13333333,46.13333333,3,27,0.004
127,200mL,3,13,19.151,19.113,19.119,16.885,357333.3333,23.06666667,0,23.06666667,1,73,0.009
127,200mL,3,3,17.043,16.93,18.872,13.045,222333.3333,161.4666667,69.2,230.6666667,7,NA,0.055
127,200mL,3,43,22.13,22.149,18.86,15.996,152333.3333,0,NA,0,1,25,0.001
127,200mL,3,11,18.654,18.635,19.016,16.051,526666.6667,NA,0,0,9,11,0.007
127,200mL,3,27,22.918,22.967,19.018,18.297,130666.6667,0,0,0,1,38,0
127,200mL,3,31,23.208,23.266,19.161,18.419,141666.6667,0,NA,0,1,23,0
127,200mL,3,29,23.432,23.436,18.978,18.05,116333.3333,0,NA,0,NA,26,0
127,200mL,3,1,16.658,16.503,18.735,10.606,156333.3333,576.6666667,484.4,1061.066667,1,NA,0.104
127,200mL,3,63,16.419,16.35,19.073,18.066,351000,0,23.06666667,23.06666667,5,36,0
127,200mL,3,37,23.544,23.664,19.07,18.115,145333.3333,0,NA,0,4,17,0.001
127,200mL,3,53,18.862,18.775,18.959,17.693,119333.3333,0,NA,0,3,12,0
127,200mL,3,21,21.213,21.19,19.164,17.145,275000,23.06666667,0,23.06666667,1,42,0
127,200mL,3,41,22.118,22.555,19.252,18.341,107666.6667,0,23.06666667,23.06666667,5,18,0
127,200mL,3,5,17.357,17.261,18.887,14.232,577666.6667,46.13333333,NA,46.13333333,12,NA,0.017
127,200mL,3,17,20.164,19.984,19.101,16.883,597666.6667,NA,0,0,1,40,0.009
127,200mL,3,59,17.551,17.445,19.124,18.185,141000,0,23.06666667,23.06666667,NA,22,0
127,200mL,3,55,19.786,18.786,19.165,17.602,158000,0,69.2,69.2,1,13,0.002
127,200mL,3,35,23.858,23.881,18.754,18.233,128000,0,69.2,69.2,1,25,0
127,200mL,3,67,15.143,15.017,19.171,17.917,201666.6667,0,23.06666667,23.06666667,0,27,0
127,200mL,3,45,21.308,21.428,19.023,17.685,140333.3333,0,92.26666667,92.26666667,1,20,0.001
127,200mL,3,65,15.715,15.645,19.427,17.756,228000,0,23.06666667,23.06666667,1,25,0.001
127,200mL,3,39,23.451,23.5,18.759,18.337,126000,0,23.06666667,23.06666667,2,32,0
127,200mL,3,49,20.423,20.415,18.828,16.434,124333.3333,0,NA,0,4,12,0
127,200mL,3,7,18.101,17.98,19.362,16.214,890666.6667,23.06666667,46.13333333,69.2,24,4,0.021
127,200mL,3,15,19.692,19.691,19.522,17.314,656666.6667,0,0,0,2,23,0.001
127,200mL,3,9,18.363,18.367,19.489,15.381,507666.6667,23.06666667,0,23.06666667,21,12,0.048
127,200mL,3,19,20.713,20.68,19.215,17.147,415333.3333,NA,0,0,NA,22,0
127,200mL,3,61,17.043,16.992,19.26,17.484,115000,0,NA,0,1,19,0.001
127,200mL,3,51,19.506,19.415,18.751,16.905,131000,0,23.06666667,23.06666667,NA,34,0
127,200mL,3,25,22.558,22.552,18.776,17.404,129666.6667,0,0,0,5,21,0.004
127,200mL,3,23,21.803,21.776,19.096,16.11,190000,0,0,0,3,37,0
127,200mL,3,47,20.93,20.931,18.566,17.504,92666.66667,0,69.2,69.2,NA,26,0
127,200mL,3,33,23.798,23.973,18.776,18.084,NA,NA,NA,NA,NA,NA,NA
127,200mL,3,57,18.225,18.147,19.406,18.14,123666.6667,0,NA,0,NA,13,0
128,200mL,4,13,18.756,18.706,18.492,16.7,457666.6667,0,0,0,1,26,0
128,200mL,4,65,15.812,15.754,18.667,16.429,256333.3333,0,92.26666667,92.26666667,7,20,0.005
128,200mL,4,37,23.873,23.891,18.291,17.397,248333.3333,0,NA,0,0,28,0
128,200mL,4,9,18.043,17.964,18.635,14.668,554333.3333,23.06666667,0,23.06666667,18,10,0.018
128,200mL,4,39,23.256,22.995,18.188,17.443,304000,0,NA,0,NA,21,0
128,200mL,4,51,19.671,19.635,17.947,15.144,219666.6667,0,207.6,207.6,2,18,0.002
128,200mL,4,1,15.212,14.995,18.085,10.665,205666.6667,968.8,438.2666667,1407.066667,2,NA,0.111
128,200mL,4,53,19.111,19.083,18.088,14.534,196000,0,276.8,276.8,3,21,0.001
128,200mL,4,67,15.083,15.059,18.693,16.775,278666.6667,0,23.06666667,23.06666667,2,42,0
128,200mL,4,5,16.614,16.569,18.237,13.507,749333.3333,46.13333333,69.2,115.3333333,10,NA,0.043
128,200mL,4,61,17.063,17.002,18.517,16.037,155333.3333,0,69.2,69.2,6,36,0
128,200mL,4,3,16.217,16.466,18.242,10.174,227000,23.06666667,69.2,92.26666667,9,NA,0.073
128,200mL,4,49,20.332,20.247,17.989,14.244,257666.6667,0,507.4666667,507.4666667,NA,25,0.002
128,200mL,4,29,23.276,23.265,18.734,18.233,190000,0,0,0,NA,12,0
128,200mL,4,41,22.594,22.664,18.372,13.485,197000,0,92.26666667,92.26666667,NA,9,0.002
128,200mL,4,27,22.888,22.808,18.783,18.217,111666.6667,0,0,0,1,18,0
128,200mL,4,23,21.711,21.516,18.484,17.342,176333.3333,0,0,0,NA,36,0.001
128,200mL,4,59,17.595,17.563,18.487,16.746,146000,0,69.2,69.2,6,12,0
128,200mL,4,45,21.525,21.32,18.184,15.037,355000,0,69.2,69.2,0,16,0.002
128,200mL,4,31,23.454,23.414,18.804,18.774,122666.6667,0,0,0,1,15,0
128,200mL,4,25,22.308,22.198,18.48,17.409,296666.6667,0,0,0,2,13,0
128,200mL,4,43,22.131,22.158,17.998,14.836,318333.3333,0,161.4666667,161.4666667,1,32,0.002
128,200mL,4,35,23.504,23.49,18.281,17.609,276666.6667,0,0,0,0,37,0
128,200mL,4,55,19.679,18.862,18.534,15.773,117000,0,253.7333333,253.7333333,3,30,0.007
128,200mL,4,11,18.306,18.227,18.2,14.753,650333.3333,0,0,0,5,21,0.001
128,200mL,4,57,18.194,18.139,18.546,15.707,157000,0,69.2,69.2,3,23,0.001
128,200mL,4,63,16.338,16.3,18.665,14.87,239333.3333,0,46.13333333,46.13333333,8,17,0.009
128,200mL,4,7,17.402,17.344,18.447,13.455,1009333.333,23.06666667,0,23.06666667,19,3,0.032
128,200mL,4,17,19.942,19.831,18.407,16.933,608666.6667,0,0,0,0,32,0
128,200mL,4,19,20.426,20.414,18.711,17.412,720333.3333,0,0,0,0,19,0
128,200mL,4,47,20.765,20.477,17.729,14.253,208333.3333,0,230.6666667,230.6666667,NA,12,0.002
128,200mL,4,21,20.977,20.944,18.84,17.244,308333.3333,0,0,0,NA,33,0.001
128,200mL,4,15,19.464,19.543,18.753,17.114,930000,0,0,0,3,35,0
128,200mL,4,33,23.741,23.888,18.311,17.254,NA,NA,NA,NA,NA,NA,NA
129,200mL,5,59,17.823,17.724,18.794,18.344,54666.66667,0,0,0,0,22,0
129,200mL,5,19,20.588,20.541,18.79,16.497,649000,0,0,0,NA,22,0
129,200mL,5,65,15.99,15.957,19.199,18.249,120333.3333,0,0,0,0,25,0
129,200mL,5,67,15.548,15.452,18.808,17.591,136666.6667,0,0,0,0,24,0
129,200mL,5,47,20.953,20.949,18.3,17.923,52333.33333,0,0,0,0,5,0
129,200mL,5,15,19.6,19.567,18.941,16.447,937333.3333,0,0,0,NA,17,0.001
129,200mL,5,51,19.772,19.731,18.481,17.581,51000,0,0,0,0,17,0
129,200mL,5,13,18.919,18.915,18.805,16.33,479333.3333,0,0,0,3,18,0
129,200mL,5,33,23.825,24.007,18.165,17.98,NA,NA,NA,NA,NA,NA,NA
129,200mL,5,49,20.518,20.49,18.601,17.89,63000,0,0,0,0,18,0.001
129,200mL,5,55,19.543,18.596,18.973,18.175,76000,0,0,0,0,18,0
129,200mL,5,61,17.337,17.284,18.711,17.775,60333.33333,0,0,0,0,22,0
129,200mL,5,3,16.536,16.395,18.98,13.188,252333.3333,46.13333333,46.13333333,92.26666667,6,NA,0.085
129,200mL,5,35,23.659,23.674,18.381,18.056,88333.33333,0,0,0,0,25,0
129,200mL,5,25,22.379,22.39,18.465,17.485,168000,0,0,0,NA,29,0
129,200mL,5,43,22.156,22.153,18.515,17.917,101666.6667,0,0,0,1,14,0.001
129,200mL,5,1,16.035,15.786,18.65,10.96,306666.6667,322.9333333,415.2,738.1333333,3,NA,0.12
129,200mL,5,7,17.503,17.43,18.995,14.598,925666.6667,NA,0,0,30,4,0.011
129,200mL,5,37,23.652,23.499,18.611,18.447,70666.66667,0,0,0,NA,17,0.001
129,200mL,5,17,20.041,20.004,18.598,16.784,540000,0,0,0,1,22,0
129,200mL,5,41,22.766,22.815,18.7,18.63,42000,0,0,0,2,27,0
129,200mL,5,23,21.833,21.812,18.568,16.954,171333.3333,0,0,0,3,17,0
129,200mL,5,11,18.489,18.462,18.516,15.104,617333.3333,0,0,0,9,10,0
129,200mL,5,45,21.578,21.58,18.548,17.661,91333.33333,0,0,0,0,28,0
129,200mL,5,9,18.156,18.112,18.892,14.72,610333.3333,46.13333333,0,46.13333333,18,1,0.016
129,200mL,5,29,23.435,23.443,18.559,18.306,99333.33333,0,0,0,1,38,0
129,200mL,5,5,16.862,16.793,18.449,13.52,948333.3333,23.06666667,0,23.06666667,10,NA,0.015
129,200mL,5,53,18.916,18.678,18.694,18.091,66000,0,0,0,0,15,0.002
129,200mL,5,39,23.318,23.361,18.427,18.4,59333.33333,0,0,0,NA,18,0.002
129,200mL,5,31,23.113,23.4,18.811,18.462,95666.66667,0,0,0,0,16,0
129,200mL,5,63,16.654,16.614,18.869,18.182,102000,0,0,0,0,17,0.018
129,200mL,5,27,23.006,23.019,18.618,18.539,111666.6667,0,0,0,1,23,0
129,200mL,5,57,18.611,18.517,18.839,18.107,58000,0,0,0,0,34,0
129,200mL,5,21,21.138,21.061,18.738,16.62,308666.6667,0,0,0,NA,24,0.002
130,200mL,6,15,19.75,19.704,18.282,14.053,1085000,0,46.13333333,46.13333333,3,29,0.042
130,200mL,6,21,21.119,20.99,18.278,14.28,450333.3333,0,0,0,NA,27,0.06
130,200mL,6,63,16.012,16.298,17.668,14.022,228666.6667,0,369.0666667,369.0666667,20,28,0.048
130,200mL,6,33,23.858,23.984,17.331,14.308,NA,NA,NA,NA,NA,NA,NA
130,200mL,6,59,17.426,17.413,17.905,11.102,109000,0,507.4666667,507.4666667,9,56,0.051
130,200mL,6,23,21.949,21.911,17.9,12.572,256666.6667,NA,0,0,2,41,0.019
130,200mL,6,19,20.632,20.636,18.481,15.121,547000,0,0,0,2,24,0.015
130,200mL,6,61,16.801,16.746,17.624,13.438,129333.3333,0,715.0666667,715.0666667,3,32,0.065
130,200mL,6,11,18.806,18.755,17.923,14.109,805000,0,NA,0,15,5,0.006
130,200mL,6,49,20.308,20.09,17.622,7.74,246000,0,438.2666667,438.2666667,8,47,0.046
130,200mL,6,67,14.898,14.89,17.988,15.051,293666.6667,0,161.4666667,161.4666667,9,32,0.021
130,200mL,6,13,19.182,19.127,18.182,13.915,545000,0,23.06666667,23.06666667,5,13,0.009
130,200mL,6,9,18.53,18.473,18.43,14.48,635333.3333,69.2,NA,69.2,27,3,0.014
130,200mL,6,51,19.443,19.307,17.497,11.21,170666.6667,0,968.8,968.8,13,34,0.103
130,200mL,6,17,20.154,20.149,18.106,14.872,781333.3333,0,0,0,NA,27,0.006
130,200mL,6,35,23.577,23.578,17.669,15.089,143000,0,576.6666667,576.6666667,1,22,0.09
130,200mL,6,53,18.731,18.707,17.765,12.543,39333.33333,0,553.6,553.6,17,37,0.044
130,200mL,6,47,20.717,20.531,17.336,10.842,108000,0,1038,1038,3,24,0.105
130,200mL,6,41,22.554,22.795,17.971,15.462,99000,0,645.8666667,645.8666667,10,19,0.07
130,200mL,6,29,23.413,23.215,17.837,15.7,200666.6667,0,23.06666667,23.06666667,3,30,0.027
130,200mL,6,45,21.405,21.367,17.888,13.381,173000,0,553.6,553.6,11,21,0.06
130,200mL,6,39,23.427,23.393,17.698,16.201,133000,0,346,346,7,21,0.04
130,200mL,6,7,18.118,18.023,18.395,15.019,972666.6667,23.06666667,0,23.06666667,6,6,0.016
130,200mL,6,43,22.019,22.064,17.65,12.966,153000,0,553.6,553.6,13,22,0.054
130,200mL,6,55,19.921,19.266,17.918,10.645,25000,0,1199.466667,1199.466667,30,13,0.113
130,200mL,6,27,22.959,22.976,17.968,14.819,180666.6667,69.2,NA,69.2,NA,15,0.051
130,200mL,6,25,22.477,22.379,17.805,10.335,196333.3333,NA,NA,0,3,25,0.026
130,200mL,6,31,23.25,22.664,17.891,16.647,239333.3333,0,299.8666667,299.8666667,2,23,0.041
130,200mL,6,37,23.679,23.812,17.78,14.167,196666.6667,0,761.2,761.2,5,23,0.137
130,200mL,6,1,16.424,16.241,18.399,10.282,831666.6667,507.4666667,184.5333333,692,3,NA,0.084
130,200mL,6,65,15.643,15.619,17.842,13.472,243333.3333,0,392.1333333,392.1333333,15,19,0.049
130,200mL,6,57,17.913,18.021,18.039,10.479,24000,0,553.6,553.6,12,17,0.054
130,200mL,6,5,17.335,17.249,18.002,13.27,84333.33333,23.06666667,23.06666667,46.13333333,6,1,0.031
130,200mL,6,3,17.63,16.808,18.063,12.479,365666.6667,207.6,23.06666667,230.6666667,7,NA,0.053
